model,concepts,version,label,best_epoch,epochs_completed,best_train_loss,best_train_accuracy,best_train_auc,best_val_loss,best_val_accuracy,best_val_auc,test_loss,test_accuracy,test_auc,save_dir
ode_rnn_dkt,2,0,c2_v00_irregular_epochs-1500_lr-0.001_latent-64_ode-64_gru-64,51,71,0.40088495492935183,0.8121428571428572,0.8772485437178893,0.41762152433395383,0.8008673469387755,0.8670635231102553,0.411243088722229,0.8061734693877551,0.8717326855118724,/home/atiwari/Annealing_Experiment/SyntheticDKTResults/ODE_RNN_Results_Irregular_48/c2_v00_irregular_epochs-1500_lr-0.001_latent-64_ode-64_gru-64
ode_rnn_dkt,2,1,c2_v01_irregular_epochs-1500_lr-0.001_latent-64_ode-64_gru-64,50,70,0.3937041974067688,0.8170025510204082,0.8837868072746491,0.40167354106903075,0.8133163265306123,0.8752408007449985,0.4106146259307861,0.8070918367346939,0.8729215715350425,/home/atiwari/Annealing_Experiment/SyntheticDKTResults/ODE_RNN_Results_Irregular_48/c2_v01_irregular_epochs-1500_lr-0.001_latent-64_ode-64_gru-64
ode_rnn_dkt,2,2,c2_v02_irregular_epochs-1500_lr-0.001_latent-64_ode-64_gru-64,41,61,0.4165263235569,0.802984693877551,0.8749838948929437,0.41648996829986573,0.8060714285714285,0.8735219477834668,0.42653511476516726,0.798234693877551,0.8663185105108717,/home/atiwari/Annealing_Experiment/SyntheticDKTResults/ODE_RNN_Results_Irregular_48/c2_v02_irregular_epochs-1500_lr-0.001_latent-64_ode-64_gru-64
ode_rnn_dkt,2,3,c2_v03_irregular_epochs-1500_lr-0.001_latent-64_ode-64_gru-64,43,63,0.4075023055076599,0.8132270408163266,0.8737119251271205,0.40886195182800295,0.8119897959183674,0.8692180534983014,0.4123771231174469,0.811265306122449,0.8678515459052443,/home/atiwari/Annealing_Experiment/SyntheticDKTResults/ODE_RNN_Results_Irregular_48/c2_v03_irregular_epochs-1500_lr-0.001_latent-64_ode-64_gru-64
ode_rnn_dkt,2,4,c2_v04_irregular_epochs-1500_lr-0.001_latent-64_ode-64_gru-64,50,70,0.3988897752761841,0.8110204081632653,0.8811084335959822,0.41175399780273436,0.8062755102040816,0.876658617024716,0.4114469850063324,0.8033775510204082,0.8734451135424884,/home/atiwari/Annealing_Experiment/SyntheticDKTResults/ODE_RNN_Results_Irregular_48/c2_v04_irregular_epochs-1500_lr-0.001_latent-64_ode-64_gru-64
ode_rnn_dkt,2,5,c2_v05_irregular_epochs-1500_lr-0.001_latent-64_ode-64_gru-64,65,85,0.39806597352027895,0.8124744897959184,0.8798137588363726,0.39659979701042175,0.8113265306122449,0.8771536609118448,0.4051893689632416,0.8076938775510204,0.8728085374471812,/home/atiwari/Annealing_Experiment/SyntheticDKTResults/ODE_RNN_Results_Irregular_48/c2_v05_irregular_epochs-1500_lr-0.001_latent-64_ode-64_gru-64
ode_rnn_dkt,2,6,c2_v06_irregular_epochs-1500_lr-0.001_latent-64_ode-64_gru-64,34,54,0.4165677094459534,0.8034183673469387,0.8741650744871999,0.43855782389640807,0.7889795918367347,0.8605404934204197,0.43269411063194274,0.7921224489795918,0.8661373701931689,/home/atiwari/Annealing_Experiment/SyntheticDKTResults/ODE_RNN_Results_Irregular_48/c2_v06_irregular_epochs-1500_lr-0.001_latent-64_ode-64_gru-64
ode_rnn_dkt,2,7,c2_v07_irregular_epochs-1500_lr-0.001_latent-64_ode-64_gru-64,32,52,0.4163685142993927,0.8070025510204082,0.8752330000486035,0.4251182496547699,0.8047448979591837,0.8708304490368192,0.4244527056217194,0.8024489795918367,0.8684308284075553,/home/atiwari/Annealing_Experiment/SyntheticDKTResults/ODE_RNN_Results_Irregular_48/c2_v07_irregular_epochs-1500_lr-0.001_latent-64_ode-64_gru-64
ode_rnn_dkt,2,8,c2_v08_irregular_epochs-1500_lr-0.001_latent-64_ode-64_gru-64,29,49,0.4172331738471985,0.7999872448979591,0.8728348597135022,0.40706903219223023,0.810204081632653,0.8771049191836771,0.41678900718688966,0.802765306122449,0.8709317674691374,/home/atiwari/Annealing_Experiment/SyntheticDKTResults/ODE_RNN_Results_Irregular_48/c2_v08_irregular_epochs-1500_lr-0.001_latent-64_ode-64_gru-64
ode_rnn_dkt,2,9,c2_v09_irregular_epochs-1500_lr-0.001_latent-64_ode-64_gru-64,49,69,0.39808993339538573,0.8123214285714285,0.8813781813519096,0.41633482575416564,0.7994897959183673,0.8713346681332164,0.4098823118209839,0.8060306122448979,0.874762208022412,/home/atiwari/Annealing_Experiment/SyntheticDKTResults/ODE_RNN_Results_Irregular_48/c2_v09_irregular_epochs-1500_lr-0.001_latent-64_ode-64_gru-64
ode_rnn_dkt,2,10,c2_v10_irregular_epochs-1500_lr-0.001_latent-64_ode-64_gru-64,29,49,0.4135132646560669,0.8030357142857143,0.8743438010388187,0.4231589996814728,0.794438775510204,0.8684250913244375,0.4222585096359253,0.7983469387755102,0.8693553476163762,/home/atiwari/Annealing_Experiment/SyntheticDKTResults/ODE_RNN_Results_Irregular_48/c2_v10_irregular_epochs-1500_lr-0.001_latent-64_ode-64_gru-64
ode_rnn_dkt,2,11,c2_v11_irregular_epochs-1500_lr-0.001_latent-64_ode-64_gru-64,25,45,0.41959730625152586,0.802640306122449,0.8740448729304177,0.40999356865882874,0.805561224489796,0.8742872388197666,0.4103500018119812,0.8049081632653061,0.8747866846547845,/home/atiwari/Annealing_Experiment/SyntheticDKTResults/ODE_RNN_Results_Irregular_48/c2_v11_irregular_epochs-1500_lr-0.001_latent-64_ode-64_gru-64
ode_rnn_dkt,2,12,c2_v12_irregular_epochs-1500_lr-0.001_latent-64_ode-64_gru-64,31,51,0.41775302529335023,0.8023724489795918,0.8759059293605245,0.4216833126544952,0.7996428571428571,0.8752153601152233,0.42265407991409304,0.7982551020408163,0.8722413128653042,/home/atiwari/Annealing_Experiment/SyntheticDKTResults/ODE_RNN_Results_Irregular_48/c2_v12_irregular_epochs-1500_lr-0.001_latent-64_ode-64_gru-64
ode_rnn_dkt,2,13,c2_v13_irregular_epochs-1500_lr-0.001_latent-64_ode-64_gru-64,38,58,0.41195003271102903,0.8064668367346939,0.8750563985460253,0.42717968940734863,0.7972448979591836,0.8713978084556411,0.4234364898204803,0.7998775510204081,0.8673889155810863,/home/atiwari/Annealing_Experiment/SyntheticDKTResults/ODE_RNN_Results_Irregular_48/c2_v13_irregular_epochs-1500_lr-0.001_latent-64_ode-64_gru-64
ode_rnn_dkt,2,14,c2_v14_irregular_epochs-1500_lr-0.001_latent-64_ode-64_gru-64,35,55,0.41971582770347593,0.8002551020408163,0.8736628949136436,0.42449631333351134,0.797704081632653,0.8692329745232883,0.42822307229042056,0.7957244897959184,0.868115566561033,/home/atiwari/Annealing_Experiment/SyntheticDKTResults/ODE_RNN_Results_Irregular_48/c2_v14_irregular_epochs-1500_lr-0.001_latent-64_ode-64_gru-64
ode_rnn_dkt,2,15,c2_v15_irregular_epochs-1500_lr-0.001_latent-64_ode-64_gru-64,38,58,0.4201974630355835,0.8025510204081633,0.8722622049108487,0.4338942003250122,0.7965816326530613,0.8628681046627572,0.424033194065094,0.8018979591836735,0.8672656550795914,/home/atiwari/Annealing_Experiment/SyntheticDKTResults/ODE_RNN_Results_Irregular_48/c2_v15_irregular_epochs-1500_lr-0.001_latent-64_ode-64_gru-64
ode_rnn_dkt,2,16,c2_v16_irregular_epochs-1500_lr-0.001_latent-64_ode-64_gru-64,41,61,0.40761435151100156,0.805280612244898,0.8760508747134815,0.4128504419326782,0.7991836734693878,0.8774004098736833,0.4128886148929596,0.802530612244898,0.8728238633300502,/home/atiwari/Annealing_Experiment/SyntheticDKTResults/ODE_RNN_Results_Irregular_48/c2_v16_irregular_epochs-1500_lr-0.001_latent-64_ode-64_gru-64
ode_rnn_dkt,2,17,c2_v17_irregular_epochs-1500_lr-0.001_latent-64_ode-64_gru-64,41,61,0.4096542203426361,0.8094132653061225,0.8758572448066237,0.42442993879318236,0.8020408163265306,0.8641551839513231,0.4187361946105957,0.8056938775510204,0.8704172808648599,/home/atiwari/Annealing_Experiment/SyntheticDKTResults/ODE_RNN_Results_Irregular_48/c2_v17_irregular_epochs-1500_lr-0.001_latent-64_ode-64_gru-64
ode_rnn_dkt,2,18,c2_v18_irregular_epochs-1500_lr-0.001_latent-64_ode-64_gru-64,47,67,0.4060233891010284,0.8064413265306123,0.8762602501613135,0.41473605275154113,0.7992857142857143,0.87189073735564,0.40414441680908203,0.8091530612244898,0.8766814403996976,/home/atiwari/Annealing_Experiment/SyntheticDKTResults/ODE_RNN_Results_Irregular_48/c2_v18_irregular_epochs-1500_lr-0.001_latent-64_ode-64_gru-64
ode_rnn_dkt,2,19,c2_v19_irregular_epochs-1500_lr-0.001_latent-64_ode-64_gru-64,33,53,0.4030592978000641,0.8092729591836735,0.876071643270938,0.40669590830802915,0.8081632653061225,0.8764506543679017,0.4010229136943817,0.8102448979591836,0.8768010895614304,/home/atiwari/Annealing_Experiment/SyntheticDKTResults/ODE_RNN_Results_Irregular_48/c2_v19_irregular_epochs-1500_lr-0.001_latent-64_ode-64_gru-64
ode_rnn_dkt,5,0,c5_v00_irregular_epochs-1500_lr-0.001_latent-64_ode-64_gru-64,46,66,0.4851315665245056,0.7567729591836735,0.833483903082634,0.49905407667160034,0.7460714285714286,0.8214398064822839,0.49947544193267823,0.7499489795918367,0.8216884060064149,/home/atiwari/Annealing_Experiment/SyntheticDKTResults/ODE_RNN_Results_Irregular_48/c5_v00_irregular_epochs-1500_lr-0.001_latent-64_ode-64_gru-64
ode_rnn_dkt,5,1,c5_v01_irregular_epochs-1500_lr-0.001_latent-64_ode-64_gru-64,47,67,0.4820701098442078,0.759234693877551,0.8376368640491599,0.4882009780406952,0.7562244897959184,0.8304264828305303,0.5023846611976623,0.7470510204081633,0.8214194341520635,/home/atiwari/Annealing_Experiment/SyntheticDKTResults/ODE_RNN_Results_Irregular_48/c5_v01_irregular_epochs-1500_lr-0.001_latent-64_ode-64_gru-64
ode_rnn_dkt,5,2,c5_v02_irregular_epochs-1500_lr-0.001_latent-64_ode-64_gru-64,38,58,0.49080063343048097,0.7539923469387755,0.8337540307325867,0.5031635284423828,0.746938775510204,0.8241861756878441,0.500426509141922,0.7492448979591837,0.8265025337881928,/home/atiwari/Annealing_Experiment/SyntheticDKTResults/ODE_RNN_Results_Irregular_48/c5_v02_irregular_epochs-1500_lr-0.001_latent-64_ode-64_gru-64
ode_rnn_dkt,5,3,c5_v03_irregular_epochs-1500_lr-0.001_latent-64_ode-64_gru-64,43,63,0.4902365183830261,0.7576913265306122,0.8344889457023381,0.5023630034923553,0.7492857142857143,0.8261845650585043,0.5077966027259827,0.7453061224489796,0.81964878441529,/home/atiwari/Annealing_Experiment/SyntheticDKTResults/ODE_RNN_Results_Irregular_48/c5_v03_irregular_epochs-1500_lr-0.001_latent-64_ode-64_gru-64
ode_rnn_dkt,5,4,c5_v04_irregular_epochs-1500_lr-0.001_latent-64_ode-64_gru-64,70,90,0.482700115442276,0.7641836734693878,0.8406277228870445,0.5204720330238343,0.7401020408163266,0.8139436453199109,0.5096688094139099,0.748061224489796,0.8218773498070183,/home/atiwari/Annealing_Experiment/SyntheticDKTResults/ODE_RNN_Results_Irregular_48/c5_v04_irregular_epochs-1500_lr-0.001_latent-64_ode-64_gru-64
ode_rnn_dkt,5,5,c5_v05_irregular_epochs-1500_lr-0.001_latent-64_ode-64_gru-64,42,62,0.48918670415878296,0.7610841836734694,0.8354955196004133,0.5055275547504425,0.7514285714285714,0.8227933540866151,0.5020515375137329,0.7534795918367347,0.8261580874417263,/home/atiwari/Annealing_Experiment/SyntheticDKTResults/ODE_RNN_Results_Irregular_48/c5_v05_irregular_epochs-1500_lr-0.001_latent-64_ode-64_gru-64
ode_rnn_dkt,5,6,c5_v06_irregular_epochs-1500_lr-0.001_latent-64_ode-64_gru-64,38,58,0.5002373659610748,0.7562755102040817,0.8282915610324221,0.5196621298789978,0.7406122448979592,0.8119507593123405,0.5170719442367554,0.7465816326530612,0.8145170746184084,/home/atiwari/Annealing_Experiment/SyntheticDKTResults/ODE_RNN_Results_Irregular_48/c5_v06_irregular_epochs-1500_lr-0.001_latent-64_ode-64_gru-64
ode_rnn_dkt,5,7,c5_v07_irregular_epochs-1500_lr-0.001_latent-64_ode-64_gru-64,39,59,0.49312988758087156,0.7537882653061224,0.829289931698614,0.5132141160964966,0.7389285714285714,0.8147302459140318,0.5160705389976501,0.7393469387755102,0.8131783000290354,/home/atiwari/Annealing_Experiment/SyntheticDKTResults/ODE_RNN_Results_Irregular_48/c5_v07_irregular_epochs-1500_lr-0.001_latent-64_ode-64_gru-64
ode_rnn_dkt,5,8,c5_v08_irregular_epochs-1500_lr-0.001_latent-64_ode-64_gru-64,39,59,0.4942764163017273,0.755140306122449,0.8297896836480658,0.5075235378742218,0.748265306122449,0.820778784275181,0.5064912071228027,0.7477448979591836,0.8200214670123389,/home/atiwari/Annealing_Experiment/SyntheticDKTResults/ODE_RNN_Results_Irregular_48/c5_v08_irregular_epochs-1500_lr-0.001_latent-64_ode-64_gru-64
ode_rnn_dkt,5,9,c5_v09_irregular_epochs-1500_lr-0.001_latent-64_ode-64_gru-64,47,67,0.49357379794120787,0.759795918367347,0.8329842782111787,0.5033079171180725,0.7580102040816327,0.8259817505791496,0.5144850769042969,0.7489795918367347,0.8172925781909308,/home/atiwari/Annealing_Experiment/SyntheticDKTResults/ODE_RNN_Results_Irregular_48/c5_v09_irregular_epochs-1500_lr-0.001_latent-64_ode-64_gru-64
ode_rnn_dkt,5,10,c5_v10_irregular_epochs-1500_lr-0.001_latent-64_ode-64_gru-64,43,63,0.4963259708881378,0.7610714285714286,0.8318846614192024,0.5113837790489196,0.7533163265306122,0.8186837639852991,0.5127023582458496,0.7507142857142857,0.8182304539431513,/home/atiwari/Annealing_Experiment/SyntheticDKTResults/ODE_RNN_Results_Irregular_48/c5_v10_irregular_epochs-1500_lr-0.001_latent-64_ode-64_gru-64
ode_rnn_dkt,5,11,c5_v11_irregular_epochs-1500_lr-0.001_latent-64_ode-64_gru-64,36,56,0.5091705930233001,0.7433290816326531,0.8190123539811337,0.516424617767334,0.7423469387755102,0.812562203619239,0.5165163767337799,0.741234693877551,0.8136678922008438,/home/atiwari/Annealing_Experiment/SyntheticDKTResults/ODE_RNN_Results_Irregular_48/c5_v11_irregular_epochs-1500_lr-0.001_latent-64_ode-64_gru-64
ode_rnn_dkt,5,12,c5_v12_irregular_epochs-1500_lr-0.001_latent-64_ode-64_gru-64,36,56,0.4842073094844818,0.7589413265306122,0.8342410803390284,0.499088819026947,0.7499489795918367,0.8226627104551809,0.5017761328220367,0.7514081632653061,0.8195743183136466,/home/atiwari/Annealing_Experiment/SyntheticDKTResults/ODE_RNN_Results_Irregular_48/c5_v12_irregular_epochs-1500_lr-0.001_latent-64_ode-64_gru-64
ode_rnn_dkt,5,13,c5_v13_irregular_epochs-1500_lr-0.001_latent-64_ode-64_gru-64,41,61,0.5007937002182007,0.7504336734693877,0.8276251851912111,0.5178205347061158,0.7388775510204082,0.8151262148513466,0.5143525476455688,0.7448673469387755,0.8187464088217434,/home/atiwari/Annealing_Experiment/SyntheticDKTResults/ODE_RNN_Results_Irregular_48/c5_v13_irregular_epochs-1500_lr-0.001_latent-64_ode-64_gru-64
ode_rnn_dkt,5,14,c5_v14_irregular_epochs-1500_lr-0.001_latent-64_ode-64_gru-64,50,70,0.48657545566558835,0.7642474489795918,0.8384475677933467,0.5149069333076477,0.7508673469387755,0.8152632478632478,0.507504905462265,0.7536020408163265,0.8228372620381821,/home/atiwari/Annealing_Experiment/SyntheticDKTResults/ODE_RNN_Results_Irregular_48/c5_v14_irregular_epochs-1500_lr-0.001_latent-64_ode-64_gru-64
ode_rnn_dkt,5,15,c5_v15_irregular_epochs-1500_lr-0.001_latent-64_ode-64_gru-64,42,62,0.4857773208618164,0.7583163265306122,0.8322843189110841,0.5017254853248596,0.751734693877551,0.8196419476376999,0.5050719232559204,0.7462040816326531,0.8162539958928161,/home/atiwari/Annealing_Experiment/SyntheticDKTResults/ODE_RNN_Results_Irregular_48/c5_v15_irregular_epochs-1500_lr-0.001_latent-64_ode-64_gru-64
ode_rnn_dkt,5,16,c5_v16_irregular_epochs-1500_lr-0.001_latent-64_ode-64_gru-64,51,71,0.49135459542274473,0.7612244897959184,0.8323846348744582,0.5107475411891937,0.7495408163265306,0.8137938002329197,0.5034024097919464,0.7556530612244898,0.8213849247406239,/home/atiwari/Annealing_Experiment/SyntheticDKTResults/ODE_RNN_Results_Irregular_48/c5_v16_irregular_epochs-1500_lr-0.001_latent-64_ode-64_gru-64
ode_rnn_dkt,5,17,c5_v17_irregular_epochs-1500_lr-0.001_latent-64_ode-64_gru-64,38,58,0.4937888193130493,0.7543877551020408,0.8306412271257969,0.4956366610527039,0.7530102040816327,0.8314264283872674,0.5091987524032593,0.7437040816326531,0.8188072420236905,/home/atiwari/Annealing_Experiment/SyntheticDKTResults/ODE_RNN_Results_Irregular_48/c5_v17_irregular_epochs-1500_lr-0.001_latent-64_ode-64_gru-64
ode_rnn_dkt,5,18,c5_v18_irregular_epochs-1500_lr-0.001_latent-64_ode-64_gru-64,46,66,0.4951955485343933,0.7559566326530612,0.8328832839337313,0.5162846207618713,0.742295918367347,0.8152269851013122,0.5190291838645935,0.7419081632653062,0.8149586870129646,/home/atiwari/Annealing_Experiment/SyntheticDKTResults/ODE_RNN_Results_Irregular_48/c5_v18_irregular_epochs-1500_lr-0.001_latent-64_ode-64_gru-64
ode_rnn_dkt,5,19,c5_v19_irregular_epochs-1500_lr-0.001_latent-64_ode-64_gru-64,38,58,0.4946639132499695,0.7552168367346939,0.8318341005473464,0.5172096014022827,0.7408673469387755,0.8160465051130665,0.5112155385017395,0.7443877551020408,0.819311059510166,/home/atiwari/Annealing_Experiment/SyntheticDKTResults/ODE_RNN_Results_Irregular_48/c5_v19_irregular_epochs-1500_lr-0.001_latent-64_ode-64_gru-64
