iter,loss,elbo,kl,weighted_kl,kl_weight
1,43678.5,-43678.203125,0.2980640232563019,0.2980640232563019,1.0
2,43592.5703125,-43592.26953125,0.30128490924835205,0.30128490924835205,1.0
3,43476.38671875,-43476.08203125,0.30703336000442505,0.30703336000442505,1.0
4,43367.8046875,-43367.48828125,0.31543099880218506,0.31543099880218506,1.0
5,43295.12109375,-43294.79296875,0.32667961716651917,0.32667961716651917,1.0
6,43298.1875,-43297.84375,0.34136995673179626,0.34136995673179626,1.0
7,43104.52734375,-43104.16796875,0.3588423728942871,0.3588423728942871,1.0
8,43009.8359375,-43009.45703125,0.3785739839076996,0.3785739839076996,1.0
9,42987.1875,-42986.78515625,0.40057680010795593,0.40057680010795593,1.0
10,42924.2421875,-42923.81640625,0.4255834221839905,0.4255834221839905,1.0
11,42859.66015625,-42859.21484375,0.45326492190361023,0.45326492190361023,1.0
12,42701.18359375,-42700.69921875,0.48348674178123474,0.48348674178123474,1.0
13,42521.03515625,-42520.515625,0.5163034796714783,0.5163034796714783,1.0
14,42342.5234375,-42341.96875,0.552107572555542,0.552107572555542,1.0
15,42341.11328125,-42340.5234375,0.5909586548805237,0.5909586548805237,1.0
16,42149.14453125,-42148.51171875,0.6330267786979675,0.6330267786979675,1.0
17,41887.28515625,-41886.609375,0.6780262589454651,0.6780262589454651,1.0
18,41772.44140625,-41771.71484375,0.7266467809677124,0.7266467809677124,1.0
19,41578.46484375,-41577.69140625,0.778855562210083,0.778855562210083,1.0
20,41284.44140625,-41283.60546875,0.8351410031318665,0.8351410031318665,1.0
21,40888.609375,-40887.71875,0.8954294323921204,0.8954294323921204,1.0
22,40639.39453125,-40638.4375,0.9604553580284119,0.9604553580284119,1.0
23,40307.5546875,-40306.5234375,1.0306642055511475,1.0306642055511475,1.0
24,40100.26953125,-40099.1640625,1.1062564849853516,1.1062564849853516,1.0
25,39404.203125,-39403.015625,1.1879408359527588,1.1879408359527588,1.0
26,39285.44921875,-39284.16796875,1.276054859161377,1.276054859161377,1.0
27,38707.40234375,-38706.02734375,1.3714545965194702,1.3714545965194702,1.0
28,38161.9296875,-38160.44921875,1.474387288093567,1.474387288093567,1.0
29,37457.66015625,-37456.07421875,1.585923671722412,1.585923671722412,1.0
30,36907.453125,-36905.74609375,1.707005500793457,1.707005500793457,1.0
31,36260.72265625,-36258.88671875,1.8379323482513428,1.8379323482513428,1.0
32,35802.64453125,-35800.6640625,1.9794269800186157,1.9794269800186157,1.0
33,34696.6171875,-34694.48828125,2.1305932998657227,2.1305932998657227,1.0
34,33883.984375,-33881.69140625,2.291788101196289,2.291788101196289,1.0
35,32967.1875,-32964.7265625,2.4629454612731934,2.4629454612731934,1.0
36,32372.609375,-32369.96484375,2.6446542739868164,2.6446542739868164,1.0
37,31393.37890625,-31390.544921875,2.8351035118103027,2.8351035118103027,1.0
38,30514.693359375,-30511.662109375,3.0321216583251953,3.0321216583251953,1.0
39,29338.380859375,-29335.14453125,3.235901117324829,3.235901117324829,1.0
40,28696.44921875,-28693.005859375,3.4446730613708496,3.4446730613708496,1.0
41,27955.607421875,-27951.94921875,3.6564836502075195,3.6564836502075195,1.0
42,27133.583984375,-27129.71484375,3.867809772491455,3.867809772491455,1.0
43,26861.052734375,-26856.978515625,4.0743327140808105,4.0743327140808105,1.0
44,26610.69140625,-26606.41796875,4.274265289306641,4.274265289306641,1.0
45,26283.48046875,-26279.015625,4.465807914733887,4.465807914733887,1.0
46,25788.904296875,-25784.2578125,4.64792537689209,4.64792537689209,1.0
47,25641.369140625,-25636.552734375,4.817650318145752,4.817650318145752,1.0
48,25149.556640625,-25144.580078125,4.9777936935424805,4.9777936935424805,1.0
49,24615.232421875,-24610.103515625,5.1318206787109375,5.1318206787109375,1.0
50,23914.822265625,-23909.54296875,5.280473709106445,5.280473709106445,1.0
51,23493.830078125,-23488.40234375,5.424761772155762,5.424761772155762,1.0
52,23057.744140625,-23052.1796875,5.567412376403809,5.567412376403809,1.0
53,22572.1328125,-22566.42578125,5.7097930908203125,5.7097930908203125,1.0
54,22010.890625,-22005.037109375,5.855034351348877,5.855034351348877,1.0
55,21612.552734375,-21606.552734375,6.002898693084717,6.002898693084717,1.0
56,21045.86328125,-21039.708984375,6.154973983764648,6.154973983764648,1.0
57,20607.453125,-20601.140625,6.313179016113281,6.313179016113281,1.0
58,20482.169921875,-20475.693359375,6.475739479064941,6.475739479064941,1.0
59,20185.716796875,-20179.07421875,6.643404006958008,6.643404006958008,1.0
60,19742.951171875,-19736.13671875,6.815059185028076,6.815059185028076,1.0
61,19701.01953125,-19694.029296875,6.990155220031738,6.990155220031738,1.0
62,19384.28125,-19377.109375,7.170081615447998,7.170081615447998,1.0
63,18971.138671875,-18963.78515625,7.353157043457031,7.353157043457031,1.0
64,18614.48046875,-18606.9453125,7.537387371063232,7.537387371063232,1.0
65,18508.6484375,-18500.92578125,7.721682548522949,7.721682548522949,1.0
66,18202.62109375,-18194.712890625,7.907278537750244,7.907278537750244,1.0
67,18142.349609375,-18134.25390625,8.093476295471191,8.093476295471191,1.0
68,17863.4609375,-17855.18359375,8.279220581054688,8.279220581054688,1.0
69,17834.2734375,-17825.8125,8.460677146911621,8.460677146911621,1.0
70,17666.640625,-17658.001953125,8.637480735778809,8.637480735778809,1.0
71,17643.3515625,-17634.54296875,8.80960464477539,8.80960464477539,1.0
72,17712.056640625,-17703.078125,8.976592063903809,8.976592063903809,1.0
73,17590.939453125,-17581.80078125,9.138968467712402,9.138968467712402,1.0
74,17502.48046875,-17493.185546875,9.295646667480469,9.295646667480469,1.0
75,17149.298828125,-17139.853515625,9.447128295898438,9.447128295898438,1.0
76,17113.00390625,-17103.412109375,9.592836380004883,9.592836380004883,1.0
77,16915.712890625,-16905.9765625,9.73458194732666,9.73458194732666,1.0
78,16998.859375,-16988.98828125,9.872014999389648,9.872014999389648,1.0
79,16710.34375,-16700.3359375,10.006937980651855,10.006937980651855,1.0
80,16914.2734375,-16904.130859375,10.140230178833008,10.140230178833008,1.0
81,16593.486328125,-16583.212890625,10.272443771362305,10.272443771362305,1.0
82,16584.15234375,-16573.748046875,10.404918670654297,10.404918670654297,1.0
83,16386.3828125,-16375.8447265625,10.537616729736328,10.537616729736328,1.0
84,16248.6484375,-16237.978515625,10.671256065368652,10.671256065368652,1.0
85,16099.2626953125,-16088.45703125,10.806467056274414,10.806467056274414,1.0
86,16007.0458984375,-15996.1015625,10.944135665893555,10.944135665893555,1.0
87,15907.1494140625,-15896.0654296875,11.084080696105957,11.084080696105957,1.0
88,15786.294921875,-15775.068359375,11.226634979248047,11.226634979248047,1.0
89,15831.5048828125,-15820.134765625,11.370914459228516,11.370914459228516,1.0
90,15700.6884765625,-15689.1708984375,11.518407821655273,11.518407821655273,1.0
91,15511.119140625,-15499.44921875,11.66970157623291,11.66970157623291,1.0
92,15428.1328125,-15416.3095703125,11.823296546936035,11.823296546936035,1.0
93,15410.0341796875,-15398.0546875,11.978703498840332,11.978703498840332,1.0
94,15379.734375,-15367.5986328125,12.135769844055176,12.135769844055176,1.0
95,15281.7021484375,-15269.40625,12.294828414916992,12.294828414916992,1.0
96,15098.328125,-15085.87109375,12.45615291595459,12.45615291595459,1.0
97,15157.7294921875,-15145.1103515625,12.618013381958008,12.618013381958008,1.0
98,15027.43359375,-15014.6513671875,12.781737327575684,12.781737327575684,1.0
99,15060.412109375,-15047.46484375,12.947124481201172,12.947124481201172,1.0
100,14748.6708984375,-14735.55859375,13.112933158874512,13.112933158874512,1.0
101,14856.978515625,-14843.701171875,13.278778076171875,13.278778076171875,1.0
102,14719.5546875,-14706.1083984375,13.446426391601562,13.446426391601562,1.0
103,14665.34765625,-14651.7333984375,13.613739967346191,13.613739967346191,1.0
104,14643.091796875,-14629.3115234375,13.78072738647461,13.78072738647461,1.0
105,14696.701171875,-14682.75390625,13.946823120117188,13.946823120117188,1.0
106,14450.408203125,-14436.2958984375,14.113303184509277,14.113303184509277,1.0
107,14529.205078125,-14514.92578125,14.278700828552246,14.278700828552246,1.0
108,14406.1328125,-14391.6904296875,14.443204879760742,14.443204879760742,1.0
109,14307.107421875,-14292.501953125,14.606472969055176,14.606472969055176,1.0
110,14316.984375,-14302.21484375,14.770073890686035,14.770073890686035,1.0
111,14170.0986328125,-14155.1650390625,14.933406829833984,14.933406829833984,1.0
112,14192.51953125,-14177.423828125,15.096365928649902,15.096365928649902,1.0
113,14085.0263671875,-14069.767578125,15.259103775024414,15.259103775024414,1.0
114,13994.345703125,-13978.9248046875,15.421588897705078,15.421588897705078,1.0
115,13909.8115234375,-13894.2275390625,15.584695816040039,15.584695816040039,1.0
116,13954.9189453125,-13939.1708984375,15.747416496276855,15.747416496276855,1.0
117,13873.720703125,-13857.810546875,15.90985107421875,15.90985107421875,1.0
118,13707.7607421875,-13691.6884765625,16.07111358642578,16.07111358642578,1.0
119,13777.4794921875,-13761.2490234375,16.231508255004883,16.231508255004883,1.0
120,13704.5185546875,-13688.1279296875,16.390474319458008,16.390474319458008,1.0
121,13719.3564453125,-13702.806640625,16.548994064331055,16.548994064331055,1.0
122,13633.3349609375,-13616.626953125,16.707134246826172,16.707134246826172,1.0
123,13557.9541015625,-13541.0888671875,16.86478614807129,16.86478614807129,1.0
124,13509.1640625,-13492.142578125,17.0205078125,17.0205078125,1.0
125,13395.212890625,-13378.0380859375,17.175336837768555,17.175336837768555,1.0
126,13555.6455078125,-13538.31640625,17.328739166259766,17.328739166259766,1.0
127,13404.9267578125,-13387.4462890625,17.480749130249023,17.480749130249023,1.0
128,13408.0146484375,-13390.384765625,17.62992286682129,17.62992286682129,1.0
129,13349.3984375,-13331.62109375,17.778718948364258,17.778718948364258,1.0
130,13253.6689453125,-13235.7412109375,17.92610740661621,17.92610740661621,1.0
131,13277.697265625,-13259.625,18.07300567626953,18.07300567626953,1.0
132,13153.087890625,-13134.8681640625,18.219953536987305,18.219953536987305,1.0
133,13189.783203125,-13171.41796875,18.366437911987305,18.366437911987305,1.0
134,13181.4990234375,-13162.986328125,18.512971878051758,18.512971878051758,1.0
135,13097.71875,-13079.060546875,18.65888023376465,18.65888023376465,1.0
136,12991.2763671875,-12972.47265625,18.803768157958984,18.803768157958984,1.0
137,13016.646484375,-12997.7001953125,18.94757843017578,18.94757843017578,1.0
138,13004.80859375,-12985.7177734375,19.091337203979492,19.091337203979492,1.0
139,13067.958984375,-13048.724609375,19.234399795532227,19.234399795532227,1.0
140,12993.6572265625,-12974.2802734375,19.376449584960938,19.376449584960938,1.0
141,12986.734375,-12967.2158203125,19.518205642700195,19.518205642700195,1.0
142,12976.3935546875,-12956.734375,19.660133361816406,19.660133361816406,1.0
143,12951.3681640625,-12931.568359375,19.800365447998047,19.800365447998047,1.0
144,12950.720703125,-12930.7822265625,19.93890380859375,19.93890380859375,1.0
145,12972.98046875,-12952.9072265625,20.073871612548828,20.073871612548828,1.0
146,12792.755859375,-12772.55078125,20.205270767211914,20.205270767211914,1.0
147,12781.3037109375,-12760.9716796875,20.332155227661133,20.332155227661133,1.0
148,12849.0048828125,-12828.548828125,20.456708908081055,20.456708908081055,1.0
149,12910.416015625,-12889.8369140625,20.57823371887207,20.57823371887207,1.0
150,12736.220703125,-12715.5205078125,20.69875144958496,20.69875144958496,1.0
151,12710.443359375,-12689.626953125,20.817790985107422,20.817790985107422,1.0
152,12789.4169921875,-12768.4814453125,20.93450927734375,20.93450927734375,1.0
153,12756.892578125,-12735.8447265625,21.0489501953125,21.0489501953125,1.0
154,12785.298828125,-12764.13671875,21.162660598754883,21.162660598754883,1.0
155,12764.1103515625,-12742.8349609375,21.275672912597656,21.275672912597656,1.0
156,12579.5625,-12558.1748046875,21.388334274291992,21.388334274291992,1.0
157,12697.392578125,-12675.892578125,21.499853134155273,21.499853134155273,1.0
158,12687.875,-12666.2666015625,21.607723236083984,21.607723236083984,1.0
159,12579.9384765625,-12558.22265625,21.71583366394043,21.71583366394043,1.0
160,12611.478515625,-12589.65625,21.82172393798828,21.82172393798828,1.0
161,12777.4091796875,-12755.484375,21.92549705505371,21.92549705505371,1.0
162,12713.9287109375,-12691.90234375,22.02672004699707,22.02672004699707,1.0
163,12587.431640625,-12565.3046875,22.126914978027344,22.126914978027344,1.0
164,12608.880859375,-12586.6533203125,22.22573471069336,22.22573471069336,1.0
165,12498.90234375,-12476.5810546875,22.322324752807617,22.322324752807617,1.0
166,12556.9970703125,-12534.578125,22.417024612426758,22.417024612426758,1.0
167,12491.97265625,-12469.462890625,22.509906768798828,22.509906768798828,1.0
168,12551.705078125,-12529.1044921875,22.600055694580078,22.600055694580078,1.0
169,12674.4521484375,-12651.7646484375,22.68824005126953,22.68824005126953,1.0
170,12609.89453125,-12587.1181640625,22.775724411010742,22.775724411010742,1.0
171,12447.923828125,-12425.0615234375,22.862159729003906,22.862159729003906,1.0
172,12733.1025390625,-12710.154296875,22.946887969970703,22.946887969970703,1.0
173,12536.2626953125,-12513.232421875,23.030433654785156,23.030433654785156,1.0
174,12553.6669921875,-12530.556640625,23.110891342163086,23.110891342163086,1.0
175,12616.677734375,-12593.48828125,23.188987731933594,23.188987731933594,1.0
176,12550.20703125,-12526.9404296875,23.266019821166992,23.266019821166992,1.0
177,12548.7216796875,-12525.380859375,23.34037208557129,23.34037208557129,1.0
178,12446.1162109375,-12422.7001953125,23.415000915527344,23.415000915527344,1.0
179,12556.5634765625,-12533.0751953125,23.487293243408203,23.487293243408203,1.0
180,12607.0703125,-12583.5126953125,23.558446884155273,23.558446884155273,1.0
181,12380.8359375,-12357.20703125,23.628686904907227,23.628686904907227,1.0
182,12536.8828125,-12513.1845703125,23.69931983947754,23.69931983947754,1.0
183,12345.3701171875,-12321.6025390625,23.76909065246582,23.76909065246582,1.0
184,12513.3349609375,-12489.4951171875,23.83892250061035,23.83892250061035,1.0
185,12419.0302734375,-12395.1240234375,23.90728187561035,23.90728187561035,1.0
186,12390.45703125,-12366.48046875,23.976469039916992,23.976469039916992,1.0
187,12496.7119140625,-12472.6689453125,24.043684005737305,24.043684005737305,1.0
188,12465.33203125,-12441.220703125,24.110567092895508,24.110567092895508,1.0
189,12459.2919921875,-12435.1142578125,24.177520751953125,24.177520751953125,1.0
190,12358.810546875,-12334.56640625,24.24370002746582,24.24370002746582,1.0
191,12419.4892578125,-12395.1796875,24.3094482421875,24.3094482421875,1.0
192,12362.404296875,-12338.0322265625,24.371915817260742,24.371915817260742,1.0
193,12509.4921875,-12485.05859375,24.43377113342285,24.43377113342285,1.0
194,12493.8583984375,-12469.3642578125,24.494426727294922,24.494426727294922,1.0
195,12476.48046875,-12451.927734375,24.553319931030273,24.553319931030273,1.0
196,12461.8671875,-12437.2578125,24.610206604003906,24.610206604003906,1.0
197,12410.0625,-12385.396484375,24.665029525756836,24.665029525756836,1.0
198,12508.9521484375,-12484.23046875,24.72171974182129,24.72171974182129,1.0
199,12398.65625,-12373.880859375,24.777263641357422,24.777263641357422,1.0
200,12436.3701171875,-12411.5390625,24.831750869750977,24.831750869750977,1.0
201,12418.39453125,-12393.5107421875,24.88571548461914,24.88571548461914,1.0
202,12423.7890625,-12398.8486328125,24.93928337097168,24.93928337097168,1.0
203,12334.54296875,-12309.548828125,24.99285125732422,24.99285125732422,1.0
204,12279.5537109375,-12254.5087890625,25.045230865478516,25.045230865478516,1.0
205,12393.32421875,-12368.228515625,25.095516204833984,25.095516204833984,1.0
206,12352.462890625,-12327.3193359375,25.14380645751953,25.14380645751953,1.0
207,12417.20703125,-12392.0146484375,25.191621780395508,25.191621780395508,1.0
208,12483.5625,-12458.322265625,25.239116668701172,25.239116668701172,1.0
209,12446.662109375,-12421.376953125,25.286352157592773,25.286352157592773,1.0
210,12297.140625,-12271.8046875,25.335351943969727,25.335351943969727,1.0
211,12364.7822265625,-12339.3984375,25.384241104125977,25.384241104125977,1.0
212,12438.6025390625,-12413.1689453125,25.433664321899414,25.433664321899414,1.0
213,12356.46484375,-12330.982421875,25.48250389099121,25.48250389099121,1.0
214,12327.3701171875,-12301.83984375,25.531818389892578,25.531818389892578,1.0
215,12291.138671875,-12265.55859375,25.579097747802734,25.579097747802734,1.0
216,12349.5244140625,-12323.9013671875,25.622591018676758,25.622591018676758,1.0
217,12396.3603515625,-12370.6962890625,25.664899826049805,25.664899826049805,1.0
218,12360.0048828125,-12334.2978515625,25.70694351196289,25.70694351196289,1.0
219,12336.826171875,-12311.078125,25.747692108154297,25.747692108154297,1.0
220,12433.0615234375,-12407.2734375,25.78858757019043,25.78858757019043,1.0
221,12342.3310546875,-12316.5009765625,25.830158233642578,25.830158233642578,1.0
222,12290.3046875,-12264.4326171875,25.87228012084961,25.87228012084961,1.0
223,12279.1484375,-12253.234375,25.915332794189453,25.915332794189453,1.0
224,12307.4091796875,-12281.4501953125,25.958946228027344,25.958946228027344,1.0
225,12365.564453125,-12339.560546875,26.003469467163086,26.003469467163086,1.0
226,12359.529296875,-12333.48046875,26.04826545715332,26.04826545715332,1.0
227,12295.6015625,-12269.5087890625,26.09364891052246,26.09364891052246,1.0
228,12336.2392578125,-12310.1015625,26.138614654541016,26.138614654541016,1.0
229,12296.708984375,-12270.525390625,26.183670043945312,26.183670043945312,1.0
230,12239.1083984375,-12212.8818359375,26.227413177490234,26.227413177490234,1.0
231,12308.5185546875,-12282.2490234375,26.270875930786133,26.270875930786133,1.0
232,12315.0888671875,-12288.7744140625,26.314048767089844,26.314048767089844,1.0
233,12228.4228515625,-12202.0634765625,26.358797073364258,26.358797073364258,1.0
234,12189.3330078125,-12162.9287109375,26.402217864990234,26.402217864990234,1.0
235,12320.703125,-12294.2587890625,26.444854736328125,26.444854736328125,1.0
236,12199.47265625,-12172.986328125,26.487041473388672,26.487041473388672,1.0
237,12182.451171875,-12155.92578125,26.52610206604004,26.52610206604004,1.0
238,12209.623046875,-12183.05859375,26.56431007385254,26.56431007385254,1.0
239,12286.7529296875,-12260.1494140625,26.60265350341797,26.60265350341797,1.0
240,12307.80859375,-12281.166015625,26.642066955566406,26.642066955566406,1.0
241,12177.564453125,-12150.8828125,26.681262969970703,26.681262969970703,1.0
242,12230.19140625,-12203.470703125,26.72079086303711,26.72079086303711,1.0
243,12343.0966796875,-12316.3388671875,26.75775909423828,26.75775909423828,1.0
244,12226.8701171875,-12200.07421875,26.79461669921875,26.79461669921875,1.0
245,12194.3349609375,-12167.5029296875,26.83181381225586,26.83181381225586,1.0
246,12291.224609375,-12264.3564453125,26.86769676208496,26.86769676208496,1.0
247,12234.2822265625,-12207.3828125,26.89957618713379,26.89957618713379,1.0
248,12187.771484375,-12160.8408203125,26.930559158325195,26.930559158325195,1.0
249,12277.1083984375,-12250.1474609375,26.96053123474121,26.96053123474121,1.0
250,12134.2509765625,-12107.2607421875,26.99045753479004,26.99045753479004,1.0
251,12225.1162109375,-12198.0947265625,27.021564483642578,27.021564483642578,1.0
252,12260.662109375,-12233.6103515625,27.051639556884766,27.051639556884766,1.0
253,12153.291015625,-12126.208984375,27.082216262817383,27.082216262817383,1.0
254,12230.673828125,-12203.5615234375,27.112218856811523,27.112218856811523,1.0
255,12228.44921875,-12201.3095703125,27.140933990478516,27.140933990478516,1.0
256,12201.2919921875,-12174.125,27.167011260986328,27.167011260986328,1.0
257,12178.3642578125,-12151.171875,27.191974639892578,27.191974639892578,1.0
258,12053.974609375,-12026.7568359375,27.217731475830078,27.217731475830078,1.0
259,12176.560546875,-12149.3203125,27.24031639099121,27.24031639099121,1.0
260,12181.9619140625,-12154.6982421875,27.26285743713379,27.26285743713379,1.0
261,12206.18359375,-12178.8994140625,27.283498764038086,27.283498764038086,1.0
262,12188.7568359375,-12161.4541015625,27.301368713378906,27.301368713378906,1.0
263,12116.7548828125,-12089.43359375,27.32074546813965,27.32074546813965,1.0
264,12136.302734375,-12108.96484375,27.33753204345703,27.33753204345703,1.0
265,12214.9404296875,-12187.587890625,27.353195190429688,27.353195190429688,1.0
266,12148.3603515625,-12120.9951171875,27.365882873535156,27.365882873535156,1.0
267,12154.5224609375,-12127.146484375,27.376590728759766,27.376590728759766,1.0
268,12160.2724609375,-12132.888671875,27.384422302246094,27.384422302246094,1.0
269,12107.0009765625,-12079.6103515625,27.390256881713867,27.390256881713867,1.0
270,12139.9609375,-12112.56640625,27.3941593170166,27.3941593170166,1.0
271,12204.099609375,-12176.7021484375,27.3979434967041,27.3979434967041,1.0
272,12137.0625,-12109.662109375,27.4006290435791,27.4006290435791,1.0
273,12136.3681640625,-12108.96875,27.400836944580078,27.400836944580078,1.0
274,12028.673828125,-12001.2744140625,27.39768409729004,27.39768409729004,1.0
275,12117.6591796875,-12090.2666015625,27.392868041992188,27.392868041992188,1.0
276,12023.982421875,-11996.59765625,27.384923934936523,27.384923934936523,1.0
277,12147.8291015625,-12120.45703125,27.37297248840332,27.37297248840332,1.0
278,12067.0380859375,-12039.6826171875,27.357389450073242,27.357389450073242,1.0
279,12037.9462890625,-12010.60546875,27.341123580932617,27.341123580932617,1.0
280,12057.232421875,-12029.90625,27.325336456298828,27.325336456298828,1.0
281,12018.2041015625,-11990.8984375,27.306224822998047,27.306224822998047,1.0
282,12054.1669921875,-12026.880859375,27.285802841186523,27.285802841186523,1.0
283,12053.5068359375,-12026.244140625,27.26215171813965,27.26215171813965,1.0
284,12065.791015625,-12038.552734375,27.237957000732422,27.237957000732422,1.0
285,12007.3935546875,-11980.181640625,27.212181091308594,27.212181091308594,1.0
286,12012.24609375,-11985.060546875,27.185426712036133,27.185426712036133,1.0
287,12053.5751953125,-12026.4169921875,27.158220291137695,27.158220291137695,1.0
288,11984.1416015625,-11957.0107421875,27.130321502685547,27.130321502685547,1.0
289,11978.0986328125,-11950.998046875,27.100845336914062,27.100845336914062,1.0
290,11965.1357421875,-11938.0654296875,27.068891525268555,27.068891525268555,1.0
291,11996.703125,-11969.6669921875,27.0369815826416,27.0369815826416,1.0
292,11947.291015625,-11920.2861328125,27.003610610961914,27.003610610961914,1.0
293,11938.771484375,-11911.798828125,26.97278594970703,26.97278594970703,1.0
294,12019.587890625,-11992.6435546875,26.943307876586914,26.943307876586914,1.0
295,11987.119140625,-11960.2060546875,26.91460609436035,26.91460609436035,1.0
296,11973.208984375,-11946.3193359375,26.888792037963867,26.888792037963867,1.0
297,11928.318359375,-11901.4462890625,26.872533798217773,26.872533798217773,1.0
298,11944.5947265625,-11917.732421875,26.86150360107422,26.86150360107422,1.0
299,11930.6025390625,-11903.7490234375,26.853775024414062,26.853775024414062,1.0
300,11894.373046875,-11867.5205078125,26.85214614868164,26.85214614868164,1.0
301,11876.5869140625,-11849.734375,26.852046966552734,26.852046966552734,1.0
302,11920.5322265625,-11893.6806640625,26.851306915283203,26.851306915283203,1.0
303,11881.6513671875,-11854.79296875,26.858348846435547,26.858348846435547,1.0
304,11889.3564453125,-11862.484375,26.871286392211914,26.871286392211914,1.0
305,11911.9091796875,-11885.0244140625,26.884235382080078,26.884235382080078,1.0
306,11946.0205078125,-11919.1201171875,26.90084457397461,26.90084457397461,1.0
307,11828.4189453125,-11801.4990234375,26.920066833496094,26.920066833496094,1.0
308,11889.6845703125,-11862.7431640625,26.940805435180664,26.940805435180664,1.0
309,11904.8798828125,-11877.9169921875,26.96305274963379,26.96305274963379,1.0
310,11893.3642578125,-11866.376953125,26.988508224487305,26.988508224487305,1.0
311,11867.9990234375,-11840.978515625,27.01865577697754,27.01865577697754,1.0
312,11817.546875,-11790.49609375,27.049945831298828,27.049945831298828,1.0
313,11868.2099609375,-11841.1279296875,27.082256317138672,27.082256317138672,1.0
314,11797.0654296875,-11769.9462890625,27.11883544921875,27.11883544921875,1.0
315,11846.173828125,-11819.0205078125,27.152576446533203,27.152576446533203,1.0
316,11830.0341796875,-11802.8486328125,27.185684204101562,27.185684204101562,1.0
317,11832.841796875,-11805.6201171875,27.220439910888672,27.220439910888672,1.0
318,11842.6357421875,-11815.3828125,27.253644943237305,27.253644943237305,1.0
319,11779.5380859375,-11752.2470703125,27.2915096282959,27.2915096282959,1.0
320,11839.6796875,-11812.3486328125,27.33076286315918,27.33076286315918,1.0
321,11803.521484375,-11776.154296875,27.36655044555664,27.36655044555664,1.0
322,11769.7265625,-11742.326171875,27.400230407714844,27.400230407714844,1.0
323,11751.4091796875,-11723.978515625,27.430282592773438,27.430282592773438,1.0
324,11754.3505859375,-11726.89453125,27.456470489501953,27.456470489501953,1.0
325,11773.5517578125,-11746.07421875,27.477001190185547,27.477001190185547,1.0
326,11780.6953125,-11753.201171875,27.493980407714844,27.493980407714844,1.0
327,11643.46875,-11615.958984375,27.508955001831055,27.508955001831055,1.0
328,11753.548828125,-11726.0283203125,27.51866912841797,27.51866912841797,1.0
329,11723.1435546875,-11695.615234375,27.528642654418945,27.528642654418945,1.0
330,11718.9755859375,-11691.435546875,27.539836883544922,27.539836883544922,1.0
331,11751.1904296875,-11723.6357421875,27.555383682250977,27.555383682250977,1.0
332,11722.4248046875,-11694.8544921875,27.570873260498047,27.570873260498047,1.0
333,11672.2548828125,-11644.6708984375,27.584745407104492,27.584745407104492,1.0
334,11679.892578125,-11652.29296875,27.599960327148438,27.599960327148438,1.0
335,11721.05859375,-11693.4443359375,27.613222122192383,27.613222122192383,1.0
336,11677.5205078125,-11649.8974609375,27.622406005859375,27.622406005859375,1.0
337,11678.4990234375,-11650.87109375,27.626333236694336,27.626333236694336,1.0
338,11684.7841796875,-11657.158203125,27.626028060913086,27.626028060913086,1.0
339,11663.7705078125,-11636.1484375,27.623088836669922,27.623088836669922,1.0
340,11602.2646484375,-11574.64453125,27.619783401489258,27.619783401489258,1.0
341,11639.685546875,-11612.072265625,27.611572265625,27.611572265625,1.0
342,11670.5947265625,-11642.9990234375,27.595911026000977,27.595911026000977,1.0
343,11574.880859375,-11547.302734375,27.57828140258789,27.57828140258789,1.0
344,11661.560546875,-11634.0009765625,27.56064224243164,27.56064224243164,1.0
345,11559.685546875,-11532.140625,27.544708251953125,27.544708251953125,1.0
346,11633.6611328125,-11606.1328125,27.529006958007812,27.529006958007812,1.0
347,11544.6923828125,-11517.1767578125,27.516803741455078,27.516803741455078,1.0
348,11618.544921875,-11591.0341796875,27.510013580322266,27.510013580322266,1.0
349,11607.556640625,-11580.060546875,27.497316360473633,27.497316360473633,1.0
350,11552.7529296875,-11525.267578125,27.484771728515625,27.484771728515625,1.0
351,11558.2587890625,-11530.78515625,27.473493576049805,27.473493576049805,1.0
352,11551.3916015625,-11523.9296875,27.46196937561035,27.46196937561035,1.0
353,11500.90625,-11473.46484375,27.441631317138672,27.441631317138672,1.0
354,11458.54296875,-11431.125,27.419353485107422,27.419353485107422,1.0
355,11499.806640625,-11472.4169921875,27.389387130737305,27.389387130737305,1.0
356,11481.9462890625,-11454.5908203125,27.3555908203125,27.3555908203125,1.0
357,11409.30859375,-11381.9912109375,27.316381454467773,27.316381454467773,1.0
358,11450.7529296875,-11423.47265625,27.280139923095703,27.280139923095703,1.0
359,11396.74609375,-11369.5068359375,27.240169525146484,27.240169525146484,1.0
360,11438.8330078125,-11411.6298828125,27.202922821044922,27.202922821044922,1.0
361,11461.724609375,-11434.556640625,27.168455123901367,27.168455123901367,1.0
362,11404.7109375,-11377.5703125,27.139223098754883,27.139223098754883,1.0
363,11381.9033203125,-11354.7822265625,27.120988845825195,27.120988845825195,1.0
364,11365.4052734375,-11338.2998046875,27.10659408569336,27.10659408569336,1.0
365,11359.8681640625,-11332.7666015625,27.10236930847168,27.10236930847168,1.0
366,11434.1044921875,-11406.9892578125,27.115482330322266,27.115482330322266,1.0
367,11422.5712890625,-11395.4345703125,27.13813018798828,27.13813018798828,1.0
368,11343.64453125,-11316.478515625,27.166433334350586,27.166433334350586,1.0
369,11389.5029296875,-11362.30859375,27.194149017333984,27.194149017333984,1.0
370,11319.072265625,-11291.8583984375,27.213157653808594,27.213157653808594,1.0
371,11300.3818359375,-11273.154296875,27.226266860961914,27.226266860961914,1.0
372,11354.876953125,-11327.6435546875,27.232559204101562,27.232559204101562,1.0
373,11368.3505859375,-11341.1201171875,27.230974197387695,27.230974197387695,1.0
374,11344.494140625,-11317.2666015625,27.22818946838379,27.22818946838379,1.0
375,11296.0615234375,-11268.8330078125,27.228477478027344,27.228477478027344,1.0
376,11310.19140625,-11282.958984375,27.233238220214844,27.233238220214844,1.0
377,11302.6689453125,-11275.4345703125,27.234670639038086,27.234670639038086,1.0
378,11253.0869140625,-11225.8515625,27.235332489013672,27.235332489013672,1.0
379,11310.2734375,-11283.0341796875,27.238510131835938,27.238510131835938,1.0
380,11315.0986328125,-11287.853515625,27.245100021362305,27.245100021362305,1.0
381,11244.7431640625,-11217.4921875,27.2510986328125,27.2510986328125,1.0
382,11213.0361328125,-11185.7822265625,27.254215240478516,27.254215240478516,1.0
383,11213.970703125,-11186.7060546875,27.26537322998047,27.26537322998047,1.0
384,11101.255859375,-11073.9794921875,27.276079177856445,27.276079177856445,1.0
385,11223.798828125,-11196.5166015625,27.282394409179688,27.282394409179688,1.0
386,11229.3642578125,-11202.080078125,27.283845901489258,27.283845901489258,1.0
387,11242.1611328125,-11214.8720703125,27.288251876831055,27.288251876831055,1.0
388,11137.12890625,-11109.8388671875,27.289884567260742,27.289884567260742,1.0
389,11142.244140625,-11114.9541015625,27.28982925415039,27.28982925415039,1.0
390,11150.80859375,-11123.5205078125,27.287588119506836,27.287588119506836,1.0
391,11158.5732421875,-11131.291015625,27.283353805541992,27.283353805541992,1.0
392,11136.8486328125,-11109.56640625,27.281719207763672,27.281719207763672,1.0
393,11168.708984375,-11141.4423828125,27.267118453979492,27.267118453979492,1.0
394,11235.2568359375,-11208.0068359375,27.249887466430664,27.249887466430664,1.0
395,11045.984375,-11018.7587890625,27.22765350341797,27.22765350341797,1.0
396,11088.2939453125,-11061.0849609375,27.209627151489258,27.209627151489258,1.0
397,11159.6982421875,-11132.49609375,27.201993942260742,27.201993942260742,1.0
398,11108.234375,-11081.0390625,27.195274353027344,27.195274353027344,1.0
399,11087.490234375,-11060.296875,27.19464111328125,27.19464111328125,1.0
400,11069.267578125,-11042.0703125,27.197185516357422,27.197185516357422,1.0
401,11113.234375,-11086.0380859375,27.196372985839844,27.196372985839844,1.0
402,11043.453125,-11016.2548828125,27.198301315307617,27.198301315307617,1.0
403,11049.8828125,-11022.677734375,27.205076217651367,27.205076217651367,1.0
404,11038.236328125,-11011.0166015625,27.221227645874023,27.221227645874023,1.0
405,10958.5908203125,-10931.3583984375,27.232257843017578,27.232257843017578,1.0
406,11028.056640625,-11000.82421875,27.232465744018555,27.232465744018555,1.0
407,10977.658203125,-10950.4287109375,27.230440139770508,27.230440139770508,1.0
408,10986.2841796875,-10959.0517578125,27.233173370361328,27.233173370361328,1.0
409,11043.888671875,-11016.6484375,27.23979377746582,27.23979377746582,1.0
410,11012.2685546875,-10985.033203125,27.234508514404297,27.234508514404297,1.0
411,11004.37890625,-10977.140625,27.237613677978516,27.237613677978516,1.0
412,10989.0146484375,-10961.76171875,27.25316619873047,27.25316619873047,1.0
413,10972.37109375,-10945.099609375,27.272180557250977,27.272180557250977,1.0
414,10937.0146484375,-10909.708984375,27.30533218383789,27.30533218383789,1.0
415,10981.1005859375,-10953.7646484375,27.336498260498047,27.336498260498047,1.0
416,10944.8662109375,-10917.4951171875,27.37151336669922,27.37151336669922,1.0
417,10938.3291015625,-10910.9345703125,27.395517349243164,27.395517349243164,1.0
418,10930.4921875,-10903.0927734375,27.400634765625,27.400634765625,1.0
419,10924.5556640625,-10897.15625,27.398578643798828,27.398578643798828,1.0
420,10896.7587890625,-10869.3701171875,27.388154983520508,27.388154983520508,1.0
421,10913.111328125,-10885.748046875,27.363523483276367,27.363523483276367,1.0
422,10826.6015625,-10799.2529296875,27.348602294921875,27.348602294921875,1.0
423,10884.07421875,-10856.734375,27.340412139892578,27.340412139892578,1.0
424,10866.015625,-10838.6806640625,27.335681915283203,27.335681915283203,1.0
425,10820.5498046875,-10793.2060546875,27.342517852783203,27.342517852783203,1.0
426,10827.0546875,-10799.7060546875,27.347681045532227,27.347681045532227,1.0
427,10761.64453125,-10734.30078125,27.343685150146484,27.343685150146484,1.0
428,10846.2626953125,-10818.9521484375,27.30998992919922,27.30998992919922,1.0
429,10906.3603515625,-10879.083984375,27.27682113647461,27.27682113647461,1.0
430,10826.1845703125,-10798.9404296875,27.24382972717285,27.24382972717285,1.0
431,10785.6435546875,-10758.412109375,27.230911254882812,27.230911254882812,1.0
432,10692.9560546875,-10665.71484375,27.240907669067383,27.240907669067383,1.0
433,10802.0703125,-10774.796875,27.274240493774414,27.274240493774414,1.0
434,10736.8701171875,-10709.5576171875,27.313344955444336,27.313344955444336,1.0
435,10761.8642578125,-10734.5234375,27.341291427612305,27.341291427612305,1.0
436,10682.1884765625,-10654.828125,27.36119270324707,27.36119270324707,1.0
437,10708.482421875,-10681.103515625,27.379297256469727,27.379297256469727,1.0
438,10699.6591796875,-10672.2666015625,27.392719268798828,27.392719268798828,1.0
439,10627.080078125,-10599.6923828125,27.388256072998047,27.388256072998047,1.0
440,10690.771484375,-10663.388671875,27.382591247558594,27.382591247558594,1.0
441,10662.8994140625,-10635.525390625,27.373157501220703,27.373157501220703,1.0
442,10590.322265625,-10562.9384765625,27.383668899536133,27.383668899536133,1.0
443,10616.3271484375,-10588.90234375,27.425132751464844,27.425132751464844,1.0
444,10572.1708984375,-10544.7021484375,27.468454360961914,27.468454360961914,1.0
445,10531.5693359375,-10504.0703125,27.49883270263672,27.49883270263672,1.0
446,10539.6962890625,-10512.1767578125,27.51936149597168,27.51936149597168,1.0
447,10533.3505859375,-10505.810546875,27.540067672729492,27.540067672729492,1.0
448,10492.2744140625,-10464.71484375,27.559602737426758,27.559602737426758,1.0
449,10520.1904296875,-10492.60546875,27.584060668945312,27.584060668945312,1.0
450,10432.9990234375,-10405.3974609375,27.60200309753418,27.60200309753418,1.0
451,10436.1455078125,-10408.521484375,27.62363052368164,27.62363052368164,1.0
452,10456.5205078125,-10428.8837890625,27.638219833374023,27.638219833374023,1.0
453,10387.919921875,-10360.2568359375,27.664283752441406,27.664283752441406,1.0
454,10394.646484375,-10366.962890625,27.683502197265625,27.683502197265625,1.0
455,10347.564453125,-10319.86328125,27.700286865234375,27.700286865234375,1.0
456,10339.05859375,-10311.298828125,27.76019287109375,27.76019287109375,1.0
457,10357.27734375,-10329.4423828125,27.83484649658203,27.83484649658203,1.0
458,10264.7607421875,-10236.8564453125,27.903837203979492,27.903837203979492,1.0
459,10285.0693359375,-10257.1083984375,27.960498809814453,27.960498809814453,1.0
460,10215.4140625,-10187.4111328125,28.0030517578125,28.0030517578125,1.0
461,10223.384765625,-10195.3388671875,28.046714782714844,28.046714782714844,1.0
462,10143.3779296875,-10115.283203125,28.094154357910156,28.094154357910156,1.0
463,10132.6826171875,-10104.5625,28.11989974975586,28.11989974975586,1.0
464,10116.935546875,-10088.7802734375,28.15464973449707,28.15464973449707,1.0
465,10055.40625,-10027.2099609375,28.19695281982422,28.19695281982422,1.0
466,10058.572265625,-10030.3369140625,28.23662567138672,28.23662567138672,1.0
467,10127.3662109375,-10099.0673828125,28.298320770263672,28.298320770263672,1.0
468,10075.01171875,-10046.642578125,28.369583129882812,28.369583129882812,1.0
469,9986.8955078125,-9958.4521484375,28.443777084350586,28.443777084350586,1.0
470,9935.39453125,-9906.8994140625,28.494861602783203,28.494861602783203,1.0
471,9898.1806640625,-9869.650390625,28.52983283996582,28.52983283996582,1.0
472,9906.6240234375,-9878.0703125,28.55401611328125,28.55401611328125,1.0
473,9822.1728515625,-9793.58203125,28.589818954467773,28.589818954467773,1.0
474,9825.0283203125,-9796.404296875,28.623796463012695,28.623796463012695,1.0
475,9833.1044921875,-9804.4482421875,28.6562442779541,28.6562442779541,1.0
476,9786.3427734375,-9757.6494140625,28.692174911499023,28.692174911499023,1.0
477,9678.5859375,-9649.8359375,28.750192642211914,28.750192642211914,1.0
478,9741.451171875,-9712.6337890625,28.81832504272461,28.81832504272461,1.0
479,9717.142578125,-9688.294921875,28.848661422729492,28.848661422729492,1.0
480,9626.0986328125,-9597.2490234375,28.84980583190918,28.84980583190918,1.0
481,9617.4814453125,-9588.6298828125,28.85207748413086,28.85207748413086,1.0
482,9635.9404296875,-9607.056640625,28.8840389251709,28.8840389251709,1.0
483,9497.7109375,-9468.7783203125,28.93273162841797,28.93273162841797,1.0
484,9450.0693359375,-9421.07421875,28.994537353515625,28.994537353515625,1.0
485,9454.314453125,-9425.2802734375,29.034442901611328,29.034442901611328,1.0
486,9377.41015625,-9348.330078125,29.07979965209961,29.07979965209961,1.0
487,9396.556640625,-9367.4658203125,29.089956283569336,29.089956283569336,1.0
488,9305.625,-9276.5361328125,29.08937644958496,29.08937644958496,1.0
489,9367.7421875,-9338.6484375,29.09316635131836,29.09316635131836,1.0
490,9238.9658203125,-9209.853515625,29.11133575439453,29.11133575439453,1.0
491,9398.0947265625,-9368.9658203125,29.12929344177246,29.12929344177246,1.0
492,9393.0927734375,-9363.9248046875,29.16822624206543,29.16822624206543,1.0
493,9174.6728515625,-9145.33984375,29.333412170410156,29.333412170410156,1.0
494,9106.4501953125,-9076.9833984375,29.467763900756836,29.467763900756836,1.0
495,9124.8466796875,-9095.2802734375,29.566181182861328,29.566181182861328,1.0
496,9042.0888671875,-9012.4482421875,29.64027214050293,29.64027214050293,1.0
497,9091.0732421875,-9061.37890625,29.695016860961914,29.695016860961914,1.0
498,9036.06640625,-9006.3173828125,29.749427795410156,29.749427795410156,1.0
499,8961.126953125,-8931.3525390625,29.775279998779297,29.775279998779297,1.0
500,9054.39453125,-9024.646484375,29.747468948364258,29.747468948364258,1.0
501,8891.6796875,-8861.9541015625,29.725345611572266,29.725345611572266,1.0
502,8846.3037109375,-8816.6025390625,29.701501846313477,29.701501846313477,1.0
503,8904.37890625,-8874.677734375,29.701574325561523,29.701574325561523,1.0
504,8993.5361328125,-8963.83984375,29.695491790771484,29.695491790771484,1.0
505,8955.8046875,-8925.646484375,30.158048629760742,30.158048629760742,1.0
506,8849.4326171875,-8818.90234375,30.530426025390625,30.530426025390625,1.0
507,8845.8720703125,-8815.0791015625,30.792938232421875,30.792938232421875,1.0
508,8878.22265625,-8847.2666015625,30.956119537353516,30.956119537353516,1.0
509,8803.498046875,-8772.41796875,31.079692840576172,31.079692840576172,1.0
510,8784.2783203125,-8753.1064453125,31.173189163208008,31.173189163208008,1.0
511,8862.0947265625,-8830.8544921875,31.239622116088867,31.239622116088867,1.0
512,8808.0283203125,-8776.77734375,31.250442504882812,31.250442504882812,1.0
513,8739.013671875,-8707.81640625,31.19697380065918,31.19697380065918,1.0
514,8625.4140625,-8594.298828125,31.11576271057129,31.11576271057129,1.0
515,8753.591796875,-8722.548828125,31.042476654052734,31.042476654052734,1.0
516,8688.130859375,-8657.1416015625,30.988407135009766,30.988407135009766,1.0
517,8673.2626953125,-8642.283203125,30.978952407836914,30.978952407836914,1.0
518,8590.232421875,-8559.23828125,30.992727279663086,30.992727279663086,1.0
519,8614.9921875,-8584.02734375,30.96508026123047,30.96508026123047,1.0
520,8594.4501953125,-8563.48046875,30.968564987182617,30.968564987182617,1.0
521,8587.08203125,-8556.099609375,30.9834041595459,30.9834041595459,1.0
522,8563.7265625,-8532.669921875,31.05545425415039,31.05545425415039,1.0
523,8569.529296875,-8538.375,31.153512954711914,31.153512954711914,1.0
524,8448.43359375,-8417.2099609375,31.223224639892578,31.223224639892578,1.0
525,8459.2041015625,-8427.9541015625,31.2504825592041,31.2504825592041,1.0
526,8430.046875,-8398.7685546875,31.27855110168457,31.27855110168457,1.0
527,8509.486328125,-8478.1279296875,31.35792350769043,31.35792350769043,1.0
528,8387.2978515625,-8355.8544921875,31.442808151245117,31.442808151245117,1.0
529,8359.3408203125,-8327.853515625,31.486854553222656,31.486854553222656,1.0
530,8388.40625,-8356.919921875,31.485763549804688,31.485763549804688,1.0
531,8241.5263671875,-8210.01171875,31.514867782592773,31.514867782592773,1.0
532,8278.0791015625,-8246.5341796875,31.544572830200195,31.544572830200195,1.0
533,8231.9189453125,-8200.3212890625,31.598236083984375,31.598236083984375,1.0
534,8208.2392578125,-8176.62646484375,31.612743377685547,31.612743377685547,1.0
535,8191.18359375,-8159.576171875,31.606672286987305,31.606672286987305,1.0
536,8228.2216796875,-8196.6220703125,31.59950828552246,31.59950828552246,1.0
537,8250.5166015625,-8218.892578125,31.623939514160156,31.623939514160156,1.0
538,8238.7001953125,-8207.048828125,31.651229858398438,31.651229858398438,1.0
539,8147.142578125,-8115.46728515625,31.67452621459961,31.67452621459961,1.0
540,8117.3623046875,-8085.67919921875,31.68364906311035,31.68364906311035,1.0
541,8071.3935546875,-8039.66748046875,31.726404190063477,31.726404190063477,1.0
542,8000.87744140625,-7969.08935546875,31.78787612915039,31.78787612915039,1.0
543,7990.029296875,-7958.1455078125,31.88367462158203,31.88367462158203,1.0
544,8004.62158203125,-7972.65087890625,31.970325469970703,31.970325469970703,1.0
545,7996.3974609375,-7964.38525390625,32.012359619140625,32.012359619140625,1.0
546,8067.19921875,-8035.1533203125,32.04590606689453,32.04590606689453,1.0
547,7899.04736328125,-7866.9365234375,32.11094665527344,32.11094665527344,1.0
548,7984.34326171875,-7952.18017578125,32.16342544555664,32.16342544555664,1.0
549,7924.0947265625,-7891.9033203125,32.19167709350586,32.19167709350586,1.0
550,7928.23486328125,-7896.0556640625,32.178871154785156,32.178871154785156,1.0
551,7927.26953125,-7895.12451171875,32.1453742980957,32.1453742980957,1.0
552,7874.17431640625,-7842.0205078125,32.15392303466797,32.15392303466797,1.0
553,7855.076171875,-7822.8974609375,32.17909240722656,32.17909240722656,1.0
554,7934.4287109375,-7902.2138671875,32.21541976928711,32.21541976928711,1.0
555,7918.7724609375,-7886.54833984375,32.223793029785156,32.223793029785156,1.0
556,7769.365234375,-7737.10986328125,32.25551986694336,32.25551986694336,1.0
557,7776.63720703125,-7744.36181640625,32.27528762817383,32.27528762817383,1.0
558,7819.48388671875,-7787.1435546875,32.34014892578125,32.34014892578125,1.0
559,7796.0849609375,-7763.685546875,32.39914321899414,32.39914321899414,1.0
560,7731.875,-7699.46826171875,32.40700149536133,32.40700149536133,1.0
561,7862.0302734375,-7829.658203125,32.37207794189453,32.37207794189453,1.0
562,7729.197265625,-7696.8583984375,32.3393440246582,32.3393440246582,1.0
563,7681.3583984375,-7648.94384765625,32.41448974609375,32.41448974609375,1.0
564,7795.6455078125,-7763.146484375,32.498897552490234,32.498897552490234,1.0
565,7610.90380859375,-7578.38037109375,32.523414611816406,32.523414611816406,1.0
566,7689.9189453125,-7657.44482421875,32.474334716796875,32.474334716796875,1.0
567,7709.58740234375,-7677.16552734375,32.422576904296875,32.422576904296875,1.0
568,7719.21923828125,-7686.822265625,32.3969612121582,32.3969612121582,1.0
569,7633.8291015625,-7601.37646484375,32.452369689941406,32.452369689941406,1.0
570,7613.59033203125,-7581.06494140625,32.525665283203125,32.525665283203125,1.0
571,7665.314453125,-7632.7353515625,32.578857421875,32.578857421875,1.0
572,7666.90625,-7634.37451171875,32.53147888183594,32.53147888183594,1.0
573,7594.15673828125,-7561.671875,32.48472595214844,32.48472595214844,1.0
574,7593.8935546875,-7561.3779296875,32.51523208618164,32.51523208618164,1.0
575,7680.18017578125,-7647.59033203125,32.59020233154297,32.59020233154297,1.0
576,7615.93994140625,-7583.26123046875,32.67893981933594,32.67893981933594,1.0
577,7497.58837890625,-7464.84619140625,32.7420654296875,32.7420654296875,1.0
578,7516.2021484375,-7483.42041015625,32.78215026855469,32.78215026855469,1.0
579,7622.8515625,-7590.0673828125,32.783878326416016,32.783878326416016,1.0
580,7506.34619140625,-7473.55859375,32.788455963134766,32.788455963134766,1.0
581,7479.31396484375,-7446.4755859375,32.838417053222656,32.838417053222656,1.0
582,7537.15625,-7504.2724609375,32.88446807861328,32.88446807861328,1.0
583,7499.1669921875,-7466.279296875,32.88705062866211,32.88705062866211,1.0
584,7501.2705078125,-7468.42431640625,32.84630584716797,32.84630584716797,1.0
585,7436.9208984375,-7404.0634765625,32.85811996459961,32.85811996459961,1.0
586,7495.22998046875,-7462.31640625,32.913387298583984,32.913387298583984,1.0
587,7497.517578125,-7464.59130859375,32.925384521484375,32.925384521484375,1.0
588,7404.712890625,-7371.7861328125,32.926143646240234,32.926143646240234,1.0
589,7348.2353515625,-7315.26513671875,32.97022247314453,32.97022247314453,1.0
590,7343.5927734375,-7310.529296875,33.06291198730469,33.06291198730469,1.0
591,7384.27783203125,-7351.15234375,33.12492370605469,33.12492370605469,1.0
592,7432.4453125,-7399.30712890625,33.138343811035156,33.138343811035156,1.0
593,7441.248046875,-7408.12841796875,33.119300842285156,33.119300842285156,1.0
594,7359.41015625,-7326.2451171875,33.16453552246094,33.16453552246094,1.0
595,7399.2490234375,-7365.984375,33.26377487182617,33.26377487182617,1.0
596,7329.2373046875,-7295.8974609375,33.33985137939453,33.33985137939453,1.0
597,7307.05517578125,-7273.70361328125,33.35172653198242,33.35172653198242,1.0
598,7387.734375,-7354.43017578125,33.30432891845703,33.30432891845703,1.0
599,7360.453125,-7327.17333984375,33.28022003173828,33.28022003173828,1.0
600,7298.60693359375,-7265.3173828125,33.28937530517578,33.28937530517578,1.0
601,7263.5244140625,-7230.20263671875,33.32129669189453,33.32129669189453,1.0
602,7231.736328125,-7198.36669921875,33.3696403503418,33.3696403503418,1.0
603,7226.2412109375,-7192.80126953125,33.43970489501953,33.43970489501953,1.0
604,7245.96142578125,-7212.4716796875,33.48897171020508,33.48897171020508,1.0
605,7217.43310546875,-7183.9345703125,33.49900817871094,33.49900817871094,1.0
606,7212.3974609375,-7178.87744140625,33.520206451416016,33.520206451416016,1.0
607,7301.572265625,-7268.0009765625,33.571571350097656,33.571571350097656,1.0
608,7197.5654296875,-7163.97265625,33.592586517333984,33.592586517333984,1.0
609,7172.1826171875,-7138.58837890625,33.59486770629883,33.59486770629883,1.0
610,7267.26123046875,-7233.6767578125,33.58462905883789,33.58462905883789,1.0
611,7239.32568359375,-7205.705078125,33.62104797363281,33.62104797363281,1.0
612,7207.5810546875,-7173.92578125,33.65462875366211,33.65462875366211,1.0
613,7196.953125,-7163.3115234375,33.641929626464844,33.641929626464844,1.0
614,7142.76220703125,-7109.1376953125,33.624122619628906,33.624122619628906,1.0
615,7137.37646484375,-7103.71533203125,33.66096878051758,33.66096878051758,1.0
616,7069.29052734375,-7035.5322265625,33.75718307495117,33.75718307495117,1.0
617,7112.53857421875,-7078.72705078125,33.81122970581055,33.81122970581055,1.0
618,7161.23828125,-7127.39111328125,33.847537994384766,33.847537994384766,1.0
619,7028.02294921875,-6994.1572265625,33.865760803222656,33.865760803222656,1.0
620,7051.646484375,-7017.74169921875,33.90460968017578,33.90460968017578,1.0
621,7102.1337890625,-7068.2373046875,33.896610260009766,33.896610260009766,1.0
622,7060.17626953125,-7026.33740234375,33.838768005371094,33.838768005371094,1.0
623,7019.10400390625,-6985.30810546875,33.79507827758789,33.79507827758789,1.0
624,6991.3681640625,-6957.5791015625,33.7891960144043,33.7891960144043,1.0
625,7061.998046875,-7028.1767578125,33.82080078125,33.82080078125,1.0
626,7012.24072265625,-6978.4111328125,33.82893371582031,33.82893371582031,1.0
627,6990.7978515625,-6956.96142578125,33.836753845214844,33.836753845214844,1.0
628,6986.8251953125,-6952.9541015625,33.871212005615234,33.871212005615234,1.0
629,7036.5478515625,-7002.62353515625,33.9243278503418,33.9243278503418,1.0
630,6993.47216796875,-6959.4931640625,33.97875213623047,33.97875213623047,1.0
631,6927.6552734375,-6893.67431640625,33.980533599853516,33.980533599853516,1.0
632,7007.5791015625,-6973.611328125,33.967491149902344,33.967491149902344,1.0
633,6946.97412109375,-6912.998046875,33.97679901123047,33.97679901123047,1.0
634,6937.76416015625,-6903.7373046875,34.026641845703125,34.026641845703125,1.0
635,6940.66748046875,-6906.619140625,34.04844665527344,34.04844665527344,1.0
636,6866.1591796875,-6832.1181640625,34.04087829589844,34.04087829589844,1.0
637,6821.99609375,-6787.96875,34.027008056640625,34.027008056640625,1.0
638,6926.82177734375,-6892.7392578125,34.08271789550781,34.08271789550781,1.0
639,6907.87646484375,-6873.74169921875,34.13407897949219,34.13407897949219,1.0
640,6792.94677734375,-6758.76220703125,34.184776306152344,34.184776306152344,1.0
641,6874.86083984375,-6840.69970703125,34.16100311279297,34.16100311279297,1.0
642,6832.869140625,-6798.76708984375,34.10182571411133,34.10182571411133,1.0
643,6837.54052734375,-6803.42919921875,34.11116027832031,34.11116027832031,1.0
644,6707.35546875,-6673.17822265625,34.177024841308594,34.177024841308594,1.0
645,6821.72802734375,-6787.48828125,34.23954772949219,34.23954772949219,1.0
646,6763.75146484375,-6729.52685546875,34.22464370727539,34.22464370727539,1.0
647,6775.6865234375,-6741.4951171875,34.19129943847656,34.19129943847656,1.0
648,6806.4873046875,-6772.294921875,34.19292449951172,34.19292449951172,1.0
649,6848.3017578125,-6814.03955078125,34.262332916259766,34.262332916259766,1.0
650,6733.9453125,-6699.63427734375,34.311248779296875,34.311248779296875,1.0
651,6797.15625,-6762.8115234375,34.345550537109375,34.345550537109375,1.0
652,6768.17919921875,-6733.865234375,34.31438446044922,34.31438446044922,1.0
653,6652.45166015625,-6618.173828125,34.277767181396484,34.277767181396484,1.0
654,6780.20947265625,-6745.9365234375,34.2729377746582,34.2729377746582,1.0
655,6649.0830078125,-6614.751953125,34.33137893676758,34.33137893676758,1.0
656,6689.537109375,-6655.16015625,34.37800216674805,34.37800216674805,1.0
657,6708.95361328125,-6674.5654296875,34.38813400268555,34.38813400268555,1.0
658,6648.60546875,-6614.228515625,34.37749099731445,34.37749099731445,1.0
659,6600.62890625,-6566.26318359375,34.3655891418457,34.3655891418457,1.0
660,6630.00537109375,-6595.609375,34.39596176147461,34.39596176147461,1.0
661,6619.54638671875,-6585.12841796875,34.41816711425781,34.41816711425781,1.0
662,6659.61083984375,-6625.193359375,34.4175910949707,34.4175910949707,1.0
663,6538.10693359375,-6503.6728515625,34.43400192260742,34.43400192260742,1.0
664,6578.26611328125,-6543.79541015625,34.4708251953125,34.4708251953125,1.0
665,6594.62548828125,-6560.15625,34.46957015991211,34.46957015991211,1.0
666,6501.91552734375,-6467.43115234375,34.483551025390625,34.483551025390625,1.0
667,6537.7021484375,-6503.16650390625,34.53607940673828,34.53607940673828,1.0
668,6568.35546875,-6533.7451171875,34.61050033569336,34.61050033569336,1.0
669,6502.7900390625,-6468.14990234375,34.63964080810547,34.63964080810547,1.0
670,6522.35009765625,-6487.75927734375,34.591697692871094,34.591697692871094,1.0
671,6490.34619140625,-6455.7822265625,34.56418991088867,34.56418991088867,1.0
672,6550.3662109375,-6515.72998046875,34.636470794677734,34.636470794677734,1.0
673,6438.60009765625,-6403.8984375,34.70199203491211,34.70199203491211,1.0
674,6448.9658203125,-6414.251953125,34.714046478271484,34.714046478271484,1.0
675,6511.31884765625,-6476.6513671875,34.66725158691406,34.66725158691406,1.0
676,6447.47607421875,-6412.857421875,34.6196174621582,34.6196174621582,1.0
677,6445.38330078125,-6410.7607421875,34.62205123901367,34.62205123901367,1.0
678,6409.18212890625,-6374.50390625,34.67841720581055,34.67841720581055,1.0
679,6471.32958984375,-6436.58251953125,34.74761199951172,34.74761199951172,1.0
680,6386.57080078125,-6351.85546875,34.715328216552734,34.715328216552734,1.0
681,6447.6474609375,-6413.0146484375,34.63228225708008,34.63228225708008,1.0
682,6318.00244140625,-6283.39208984375,34.61022186279297,34.61022186279297,1.0
683,6386.25927734375,-6351.59912109375,34.66069412231445,34.66069412231445,1.0
684,6318.51025390625,-6283.787109375,34.722808837890625,34.722808837890625,1.0
685,6400.34521484375,-6365.62548828125,34.7199592590332,34.7199592590332,1.0
686,6273.0634765625,-6238.40234375,34.660911560058594,34.660911560058594,1.0
687,6300.3505859375,-6265.76708984375,34.58329772949219,34.58329772949219,1.0
688,6367.037109375,-6332.4033203125,34.634151458740234,34.634151458740234,1.0
689,6256.85302734375,-6222.158203125,34.69411087036133,34.69411087036133,1.0
690,6249.87109375,-6215.16748046875,34.704063415527344,34.704063415527344,1.0
691,6285.08544921875,-6250.41748046875,34.66767501831055,34.66767501831055,1.0
692,6276.91357421875,-6242.25244140625,34.661556243896484,34.661556243896484,1.0
693,6336.7021484375,-6302.0048828125,34.69771194458008,34.69771194458008,1.0
694,6344.34619140625,-6309.59033203125,34.7557258605957,34.7557258605957,1.0
695,6286.70751953125,-6251.93798828125,34.769657135009766,34.769657135009766,1.0
696,6136.353515625,-6101.6103515625,34.74345397949219,34.74345397949219,1.0
697,6209.0615234375,-6174.3427734375,34.71892166137695,34.71892166137695,1.0
698,6223.30615234375,-6188.564453125,34.742122650146484,34.742122650146484,1.0
699,6134.24658203125,-6099.47021484375,34.776180267333984,34.776180267333984,1.0
700,6152.39111328125,-6117.59521484375,34.79579162597656,34.79579162597656,1.0
701,6161.4345703125,-6126.6484375,34.786495208740234,34.786495208740234,1.0
702,6155.88916015625,-6121.123046875,34.76626205444336,34.76626205444336,1.0
703,6157.56005859375,-6122.783203125,34.77688980102539,34.77688980102539,1.0
704,6151.11865234375,-6116.32275390625,34.796112060546875,34.796112060546875,1.0
705,6082.96923828125,-6048.17138671875,34.797977447509766,34.797977447509766,1.0
706,6064.55712890625,-6029.78564453125,34.771080017089844,34.771080017089844,1.0
707,6132.015625,-6097.2783203125,34.7371711730957,34.7371711730957,1.0
708,6056.67822265625,-6021.931640625,34.74702453613281,34.74702453613281,1.0
709,6061.65771484375,-6026.90576171875,34.75210952758789,34.75210952758789,1.0
710,6084.72607421875,-6049.96337890625,34.76348876953125,34.76348876953125,1.0
711,6097.314453125,-6062.572265625,34.74176788330078,34.74176788330078,1.0
712,6151.19189453125,-6116.4892578125,34.70234298706055,34.70234298706055,1.0
713,5977.25830078125,-5942.53369140625,34.72465515136719,34.72465515136719,1.0
714,5963.95166015625,-5929.18359375,34.76779556274414,34.76779556274414,1.0
715,5978.28564453125,-5943.51171875,34.773651123046875,34.773651123046875,1.0
716,6051.41015625,-6016.66748046875,34.74287796020508,34.74287796020508,1.0
717,5867.716796875,-5832.99951171875,34.717533111572266,34.717533111572266,1.0
718,5887.70947265625,-5852.94287109375,34.76639938354492,34.76639938354492,1.0
719,5946.9541015625,-5912.14404296875,34.810054779052734,34.810054779052734,1.0
720,5868.83251953125,-5834.0244140625,34.807987213134766,34.807987213134766,1.0
721,5872.6181640625,-5837.8271484375,34.79121398925781,34.79121398925781,1.0
722,5837.3251953125,-5802.54638671875,34.77961730957031,34.77961730957031,1.0
723,5828.47119140625,-5793.65869140625,34.81238555908203,34.81238555908203,1.0
724,5938.6279296875,-5903.7646484375,34.862945556640625,34.862945556640625,1.0
725,5914.7490234375,-5879.87939453125,34.87017059326172,34.87017059326172,1.0
726,5834.12744140625,-5799.28564453125,34.84103775024414,34.84103775024414,1.0
727,5756.46728515625,-5721.64892578125,34.81876754760742,34.81876754760742,1.0
728,5811.85009765625,-5777.00341796875,34.84736251831055,34.84736251831055,1.0
729,5862.49658203125,-5827.58349609375,34.913822174072266,34.913822174072266,1.0
730,5811.89697265625,-5776.92333984375,34.973594665527344,34.973594665527344,1.0
731,5753.224609375,-5718.25927734375,34.96533966064453,34.96533966064453,1.0
732,5770.88818359375,-5735.9482421875,34.94051742553711,34.94051742553711,1.0
733,5696.896484375,-5661.9423828125,34.954307556152344,34.954307556152344,1.0
734,5785.52685546875,-5750.5361328125,34.9908332824707,34.9908332824707,1.0
735,5615.79541015625,-5580.77978515625,35.01564407348633,35.01564407348633,1.0
736,5575.8212890625,-5540.79248046875,35.028987884521484,35.028987884521484,1.0
737,5730.21875,-5695.22314453125,34.99561309814453,34.99561309814453,1.0
738,6298.0751953125,-6263.119140625,34.955848693847656,34.955848693847656,1.0
739,5779.56298828125,-5744.0341796875,35.5286750793457,35.5286750793457,1.0
740,5908.6630859375,-5872.6953125,35.96800231933594,35.96800231933594,1.0
741,6024.1865234375,-5987.884765625,36.30138397216797,36.30138397216797,1.0
742,6073.1923828125,-6036.658203125,36.5335807800293,36.5335807800293,1.0
743,6150.98046875,-6114.26123046875,36.71946334838867,36.71946334838867,1.0
744,6142.05419921875,-6105.1796875,36.87458801269531,36.87458801269531,1.0
745,6129.41162109375,-6092.4130859375,36.99829864501953,36.99829864501953,1.0
746,6126.8955078125,-6089.8349609375,37.06072998046875,37.06072998046875,1.0
747,6049.9091796875,-6012.853515625,37.05557632446289,37.05557632446289,1.0
748,6125.33935546875,-6088.353515625,36.985843658447266,36.985843658447266,1.0
749,6276.078125,-6239.2001953125,36.87812805175781,36.87812805175781,1.0
750,6069.84228515625,-6033.078125,36.763736724853516,36.763736724853516,1.0
751,6092.66650390625,-6056.005859375,36.66065979003906,36.66065979003906,1.0
752,5898.625,-5862.0458984375,36.57883834838867,36.57883834838867,1.0
753,5878.232421875,-5841.73046875,36.50189208984375,36.50189208984375,1.0
754,5984.0341796875,-5947.619140625,36.41484069824219,36.41484069824219,1.0
755,5850.0810546875,-5813.76611328125,36.315486907958984,36.315486907958984,1.0
756,5940.72119140625,-5904.4921875,36.22863006591797,36.22863006591797,1.0
757,5960.14013671875,-5923.9853515625,36.15501022338867,36.15501022338867,1.0
758,5889.62109375,-5853.509765625,36.11167526245117,36.11167526245117,1.0
759,5889.255859375,-5853.1708984375,36.085044860839844,36.085044860839844,1.0
760,5820.1103515625,-5784.0439453125,36.06632995605469,36.06632995605469,1.0
761,5914.08935546875,-5878.04541015625,36.04433822631836,36.04433822631836,1.0
762,5905.30126953125,-5869.28662109375,36.01439666748047,36.01439666748047,1.0
763,5923.22998046875,-5887.2412109375,35.98847198486328,35.98847198486328,1.0
764,5868.00634765625,-5832.029296875,35.976890563964844,35.976890563964844,1.0
765,5786.63134765625,-5750.6455078125,35.98523712158203,35.98523712158203,1.0
766,5780.75048828125,-5744.7333984375,36.01666259765625,36.01666259765625,1.0
767,5871.04736328125,-5834.9970703125,36.05019760131836,36.05019760131836,1.0
768,5764.11767578125,-5728.0341796875,36.083797454833984,36.083797454833984,1.0
769,5700.47216796875,-5664.365234375,36.107120513916016,36.107120513916016,1.0
770,5816.9677734375,-5780.853515625,36.115028381347656,36.115028381347656,1.0
771,5758.2060546875,-5722.08935546875,36.11738586425781,36.11738586425781,1.0
772,5696.669921875,-5660.55224609375,36.11732864379883,36.11732864379883,1.0
773,5701.00830078125,-5664.88525390625,36.12283706665039,36.12283706665039,1.0
774,5587.345703125,-5551.21875,36.12714767456055,36.12714767456055,1.0
775,5561.0693359375,-5524.9482421875,36.12150192260742,36.12150192260742,1.0
776,5773.2958984375,-5737.18212890625,36.11345672607422,36.11345672607422,1.0
777,5556.86181640625,-5520.76806640625,36.09318923950195,36.09318923950195,1.0
778,5472.71875,-5436.62646484375,36.092288970947266,36.092288970947266,1.0
779,5657.37646484375,-5621.271484375,36.10432815551758,36.10432815551758,1.0
780,5566.47802734375,-5530.3544921875,36.12385177612305,36.12385177612305,1.0
781,5665.23828125,-5629.0771484375,36.161048889160156,36.161048889160156,1.0
782,5484.595703125,-5448.38720703125,36.208740234375,36.208740234375,1.0
783,5511.20703125,-5474.947265625,36.259796142578125,36.259796142578125,1.0
784,5534.27001953125,-5497.96240234375,36.30760955810547,36.30760955810547,1.0
785,5452.49609375,-5416.14208984375,36.35391616821289,36.35391616821289,1.0
786,5564.71044921875,-5528.3134765625,36.396995544433594,36.396995544433594,1.0
787,5568.7041015625,-5532.2744140625,36.430110931396484,36.430110931396484,1.0
788,5399.39599609375,-5362.93505859375,36.460853576660156,36.460853576660156,1.0
789,5532.04150390625,-5495.54638671875,36.494930267333984,36.494930267333984,1.0
790,5508.00341796875,-5471.4765625,36.52655029296875,36.52655029296875,1.0
791,5518.1943359375,-5481.63720703125,36.556461334228516,36.556461334228516,1.0
792,5460.83544921875,-5424.26611328125,36.5693359375,36.5693359375,1.0
793,5505.3623046875,-5468.7978515625,36.56398391723633,36.56398391723633,1.0
794,5515.6484375,-5479.099609375,36.54851531982422,36.54851531982422,1.0
795,5357.5283203125,-5320.99609375,36.53184509277344,36.53184509277344,1.0
796,5500.5078125,-5463.97998046875,36.528133392333984,36.528133392333984,1.0
797,5500.92578125,-5464.39306640625,36.53215789794922,36.53215789794922,1.0
798,5425.15576171875,-5388.61669921875,36.53888702392578,36.53888702392578,1.0
799,5398.84228515625,-5362.30712890625,36.53494644165039,36.53494644165039,1.0
800,5402.48046875,-5365.95166015625,36.52864456176758,36.52864456176758,1.0
801,5358.77294921875,-5322.25634765625,36.51658630371094,36.51658630371094,1.0
802,5322.17333984375,-5285.67041015625,36.50347137451172,36.50347137451172,1.0
803,5332.21337890625,-5295.708984375,36.50484085083008,36.50484085083008,1.0
804,5398.09814453125,-5361.58837890625,36.5097541809082,36.5097541809082,1.0
805,5359.44140625,-5322.9228515625,36.5184211730957,36.5184211730957,1.0
806,5341.986328125,-5305.45654296875,36.52909851074219,36.52909851074219,1.0
807,5370.50048828125,-5333.95654296875,36.543331146240234,36.543331146240234,1.0
808,5348.2578125,-5311.701171875,36.5560417175293,36.5560417175293,1.0
809,5379.95703125,-5343.38818359375,36.56897735595703,36.56897735595703,1.0
810,5224.09814453125,-5187.50634765625,36.592525482177734,36.592525482177734,1.0
811,5324.25146484375,-5287.6396484375,36.61156463623047,36.61156463623047,1.0
812,5325.58203125,-5288.947265625,36.63455581665039,36.63455581665039,1.0
813,5328.9150390625,-5292.2490234375,36.66593933105469,36.66593933105469,1.0
814,5205.78564453125,-5169.08740234375,36.69880676269531,36.69880676269531,1.0
815,5314.4072265625,-5277.67724609375,36.72990036010742,36.72990036010742,1.0
816,5340.8623046875,-5304.09912109375,36.76366424560547,36.76366424560547,1.0
817,5288.322265625,-5251.5322265625,36.79007339477539,36.79007339477539,1.0
818,5273.63134765625,-5236.81494140625,36.81681442260742,36.81681442260742,1.0
819,5321.39306640625,-5284.54833984375,36.844825744628906,36.844825744628906,1.0
820,5209.9814453125,-5173.10546875,36.87629318237305,36.87629318237305,1.0
821,5216.17333984375,-5179.27001953125,36.90311050415039,36.90311050415039,1.0
822,5237.2001953125,-5200.2724609375,36.92795181274414,36.92795181274414,1.0
823,5153.79052734375,-5116.84521484375,36.945735931396484,36.945735931396484,1.0
824,5332.5810546875,-5295.62158203125,36.95952606201172,36.95952606201172,1.0
825,5228.2802734375,-5191.310546875,36.96988296508789,36.96988296508789,1.0
826,5143.2744140625,-5106.29833984375,36.975799560546875,36.975799560546875,1.0
827,5228.2001953125,-5191.2119140625,36.98836135864258,36.98836135864258,1.0
828,5250.30712890625,-5213.30029296875,37.007205963134766,37.007205963134766,1.0
829,5236.24560546875,-5199.21044921875,37.035804748535156,37.035804748535156,1.0
830,5163.99853515625,-5126.93408203125,37.06450271606445,37.06450271606445,1.0
831,5290.09619140625,-5253.01220703125,37.08396530151367,37.08396530151367,1.0
832,5161.54638671875,-5124.4482421875,37.09843063354492,37.09843063354492,1.0
833,5117.19873046875,-5080.08642578125,37.112125396728516,37.112125396728516,1.0
834,5220.51611328125,-5183.39013671875,37.126495361328125,37.126495361328125,1.0
835,5036.71728515625,-4999.5654296875,37.15254211425781,37.15254211425781,1.0
836,5125.5078125,-5088.314453125,37.1934700012207,37.1934700012207,1.0
837,5107.2548828125,-5070.0185546875,37.236228942871094,37.236228942871094,1.0
838,5117.8515625,-5080.59326171875,37.25916290283203,37.25916290283203,1.0
839,5165.66650390625,-5128.4072265625,37.259300231933594,37.259300231933594,1.0
840,5111.79833984375,-5074.54833984375,37.250423431396484,37.250423431396484,1.0
841,5078.97314453125,-5041.71923828125,37.25410079956055,37.25410079956055,1.0
842,5124.99853515625,-5087.72314453125,37.27547073364258,37.27547073364258,1.0
843,5195.2080078125,-5157.896484375,37.311805725097656,37.311805725097656,1.0
844,5073.30810546875,-5035.9765625,37.33189010620117,37.33189010620117,1.0
845,5124.9970703125,-5087.66650390625,37.33017349243164,37.33017349243164,1.0
846,5101.53759765625,-5064.21923828125,37.318992614746094,37.318992614746094,1.0
847,5140.58154296875,-5103.26025390625,37.32086181640625,37.32086181640625,1.0
848,5018.5751953125,-4981.22802734375,37.347412109375,37.347412109375,1.0
849,4957.69140625,-4920.3037109375,37.38776397705078,37.38776397705078,1.0
850,5031.91015625,-4994.4814453125,37.42894744873047,37.42894744873047,1.0
851,5094.8876953125,-5057.431640625,37.455867767333984,37.455867767333984,1.0
852,5043.73779296875,-5006.27099609375,37.466407775878906,37.466407775878906,1.0
853,5112.439453125,-5074.96240234375,37.47694778442383,37.47694778442383,1.0
854,4897.59521484375,-4860.09423828125,37.50117874145508,37.50117874145508,1.0
855,5004.7607421875,-4967.2333984375,37.527915954589844,37.527915954589844,1.0
856,4991.5234375,-4953.96923828125,37.554080963134766,37.554080963134766,1.0
857,4968.38525390625,-4930.8173828125,37.56814956665039,37.56814956665039,1.0
858,4902.12939453125,-4864.546875,37.582298278808594,37.582298278808594,1.0
859,5008.6650390625,-4971.0751953125,37.590335845947266,37.590335845947266,1.0
860,5036.30224609375,-4998.7001953125,37.601776123046875,37.601776123046875,1.0
861,4971.677734375,-4934.0703125,37.607181549072266,37.607181549072266,1.0
862,4887.7373046875,-4850.11572265625,37.62154769897461,37.62154769897461,1.0
863,5002.5302734375,-4964.89306640625,37.637630462646484,37.637630462646484,1.0
864,4951.84033203125,-4914.18408203125,37.65568161010742,37.65568161010742,1.0
865,4938.599609375,-4900.92431640625,37.67544174194336,37.67544174194336,1.0
866,4929.33740234375,-4891.64306640625,37.69339370727539,37.69339370727539,1.0
867,4924.1025390625,-4886.3955078125,37.70745849609375,37.70745849609375,1.0
868,4885.51123046875,-4847.779296875,37.7315673828125,37.7315673828125,1.0
869,4891.19287109375,-4853.43115234375,37.76151657104492,37.76151657104492,1.0
870,4934.26513671875,-4896.47607421875,37.78973388671875,37.78973388671875,1.0
871,4941.71484375,-4903.904296875,37.810298919677734,37.810298919677734,1.0
872,4882.3232421875,-4844.4951171875,37.828399658203125,37.828399658203125,1.0
873,4877.8037109375,-4839.955078125,37.8489990234375,37.8489990234375,1.0
874,4891.9560546875,-4854.09716796875,37.858917236328125,37.858917236328125,1.0
875,4825.875,-4788.01611328125,37.858455657958984,37.858455657958984,1.0
876,5001.20947265625,-4963.35302734375,37.85591506958008,37.85591506958008,1.0
877,4985.61865234375,-4947.76708984375,37.851776123046875,37.851776123046875,1.0
878,4846.48486328125,-4808.63037109375,37.85450744628906,37.85450744628906,1.0
879,4804.58740234375,-4766.72119140625,37.865726470947266,37.865726470947266,1.0
880,4900.08544921875,-4862.21044921875,37.87479019165039,37.87479019165039,1.0
881,4923.79931640625,-4885.91552734375,37.884220123291016,37.884220123291016,1.0
882,4867.02099609375,-4829.1279296875,37.89350128173828,37.89350128173828,1.0
883,4796.1416015625,-4758.23388671875,37.907657623291016,37.907657623291016,1.0
884,4783.13916015625,-4745.21337890625,37.925682067871094,37.925682067871094,1.0
885,4836.798828125,-4798.85546875,37.94351577758789,37.94351577758789,1.0
886,4804.89208984375,-4766.93017578125,37.96104049682617,37.96104049682617,1.0
887,4799.38525390625,-4761.41357421875,37.97176742553711,37.97176742553711,1.0
888,4789.6416015625,-4751.654296875,37.98687744140625,37.98687744140625,1.0
889,4627.95361328125,-4589.9482421875,38.005714416503906,38.005714416503906,1.0
890,4800.39111328125,-4762.37109375,38.02006530761719,38.02006530761719,1.0
891,4758.2431640625,-4720.2109375,38.03261947631836,38.03261947631836,1.0
892,4749.57177734375,-4711.53515625,38.03605651855469,38.03605651855469,1.0
893,4655.12939453125,-4617.091796875,38.03713607788086,38.03713607788086,1.0
894,4739.982421875,-4701.9345703125,38.04731369018555,38.04731369018555,1.0
895,4729.43212890625,-4691.37646484375,38.056060791015625,38.056060791015625,1.0
896,4718.9375,-4680.8740234375,38.06370544433594,38.06370544433594,1.0
897,4734.81640625,-4696.74365234375,38.072837829589844,38.072837829589844,1.0
898,4661.96923828125,-4623.904296875,38.065731048583984,38.065731048583984,1.0
899,4675.08837890625,-4637.0302734375,38.0584716796875,38.0584716796875,1.0
900,4697.28759765625,-4659.22216796875,38.06522750854492,38.06522750854492,1.0
901,4638.46630859375,-4600.38916015625,38.07738494873047,38.07738494873047,1.0
902,4676.4013671875,-4638.3017578125,38.099430084228516,38.099430084228516,1.0
903,4787.4765625,-4749.3564453125,38.120628356933594,38.120628356933594,1.0
904,4711.716796875,-4673.57861328125,38.13813018798828,38.13813018798828,1.0
905,4641.72216796875,-4603.57666015625,38.14540100097656,38.14540100097656,1.0
906,4654.67236328125,-4616.52734375,38.14481735229492,38.14481735229492,1.0
907,4651.3125,-4613.16259765625,38.1500244140625,38.1500244140625,1.0
908,4672.369140625,-4634.19921875,38.1708984375,38.1708984375,1.0
909,4696.97021484375,-4658.76806640625,38.201534271240234,38.201534271240234,1.0
910,4675.88525390625,-4637.6669921875,38.21771240234375,38.21771240234375,1.0
911,4546.12744140625,-4507.91943359375,38.20794677734375,38.20794677734375,1.0
912,4515.12158203125,-4476.931640625,38.19042205810547,38.19042205810547,1.0
913,4559.45361328125,-4521.2646484375,38.189239501953125,38.189239501953125,1.0
914,4646.779296875,-4608.56201171875,38.217166900634766,38.217166900634766,1.0
915,4503.6025390625,-4465.369140625,38.23358917236328,38.23358917236328,1.0
916,4629.3916015625,-4591.15380859375,38.23805618286133,38.23805618286133,1.0
917,4574.1669921875,-4535.94091796875,38.22659683227539,38.22659683227539,1.0
918,4527.60400390625,-4489.380859375,38.2236442565918,38.2236442565918,1.0
919,4527.74609375,-4489.49462890625,38.2518424987793,38.2518424987793,1.0
920,4646.0927734375,-4607.81884765625,38.27347946166992,38.27347946166992,1.0
921,4557.39599609375,-4519.1220703125,38.27443313598633,38.27443313598633,1.0
922,4445.2685546875,-4406.9990234375,38.26992416381836,38.26992416381836,1.0
923,4534.64404296875,-4496.3701171875,38.273651123046875,38.273651123046875,1.0
924,4544.8935546875,-4506.60205078125,38.291080474853516,38.291080474853516,1.0
925,4482.08447265625,-4443.76806640625,38.31674575805664,38.31674575805664,1.0
926,4508.630859375,-4470.30517578125,38.32521438598633,38.32521438598633,1.0
927,4564.8642578125,-4526.5390625,38.32520294189453,38.32520294189453,1.0
928,4510.73291015625,-4472.4130859375,38.31937789916992,38.31937789916992,1.0
929,4557.58447265625,-4519.24560546875,38.3387565612793,38.3387565612793,1.0
930,4507.65185546875,-4469.2919921875,38.35968780517578,38.35968780517578,1.0
931,4395.0732421875,-4356.70703125,38.365901947021484,38.365901947021484,1.0
932,4485.98876953125,-4447.615234375,38.3734245300293,38.3734245300293,1.0
933,4426.64013671875,-4388.26416015625,38.37693786621094,38.37693786621094,1.0
934,4403.19140625,-4364.79736328125,38.39385223388672,38.39385223388672,1.0
935,4479.50537109375,-4441.0927734375,38.412391662597656,38.412391662597656,1.0
936,4351.78759765625,-4313.3671875,38.420860290527344,38.420860290527344,1.0
937,4493.28564453125,-4454.86328125,38.422035217285156,38.422035217285156,1.0
938,4490.91943359375,-4452.49365234375,38.42536163330078,38.42536163330078,1.0
939,4441.314453125,-4402.87939453125,38.43471145629883,38.43471145629883,1.0
940,4426.8994140625,-4388.46533203125,38.433921813964844,38.433921813964844,1.0
941,4352.37548828125,-4313.9521484375,38.423362731933594,38.423362731933594,1.0
942,4360.61279296875,-4322.19482421875,38.417823791503906,38.417823791503906,1.0
943,4427.28466796875,-4388.8564453125,38.42934799194336,38.42934799194336,1.0
944,4351.06787109375,-4312.62109375,38.44660949707031,38.44660949707031,1.0
945,4380.18017578125,-4341.7275390625,38.4521598815918,38.4521598815918,1.0
946,4381.5810546875,-4343.13330078125,38.44783020019531,38.44783020019531,1.0
947,4424.8486328125,-4386.41064453125,38.438053131103516,38.438053131103516,1.0
948,4403.63037109375,-4365.1923828125,38.437461853027344,38.437461853027344,1.0
949,4324.16796875,-4285.72998046875,38.4378662109375,38.4378662109375,1.0
950,4286.537109375,-4248.08642578125,38.45097732543945,38.45097732543945,1.0
951,4369.46044921875,-4331.00634765625,38.45404815673828,38.45404815673828,1.0
952,4374.9521484375,-4336.4990234375,38.4535026550293,38.4535026550293,1.0
953,4332.10302734375,-4293.64013671875,38.46222686767578,38.46222686767578,1.0
954,4307.73583984375,-4269.25830078125,38.47734451293945,38.47734451293945,1.0
955,4360.3994140625,-4321.90185546875,38.497291564941406,38.497291564941406,1.0
956,4298.7109375,-4260.1962890625,38.51457977294922,38.51457977294922,1.0
957,4274.04833984375,-4235.52978515625,38.518348693847656,38.518348693847656,1.0
958,4318.4931640625,-4279.96533203125,38.5285758972168,38.5285758972168,1.0
959,4288.994140625,-4250.4560546875,38.53807830810547,38.53807830810547,1.0
960,4251.2001953125,-4212.6435546875,38.55652618408203,38.55652618408203,1.0
961,4324.8251953125,-4286.24609375,38.57838821411133,38.57838821411133,1.0
962,4300.19091796875,-4261.59423828125,38.59648513793945,38.59648513793945,1.0
963,4270.8828125,-4232.26318359375,38.61931228637695,38.61931228637695,1.0
964,4270.2333984375,-4231.59765625,38.635833740234375,38.635833740234375,1.0
965,4274.41650390625,-4235.76318359375,38.653751373291016,38.653751373291016,1.0
966,4236.1982421875,-4197.54150390625,38.656211853027344,38.656211853027344,1.0
967,4233.0302734375,-4194.35791015625,38.67225646972656,38.67225646972656,1.0
968,4202.29296875,-4163.59375,38.699581146240234,38.699581146240234,1.0
969,4232.8681640625,-4194.14599609375,38.722206115722656,38.722206115722656,1.0
970,4187.1025390625,-4148.37646484375,38.72603988647461,38.72603988647461,1.0
971,4157.96533203125,-4119.240234375,38.72481918334961,38.72481918334961,1.0
972,4226.55615234375,-4187.8271484375,38.72890853881836,38.72890853881836,1.0
973,4204.2666015625,-4165.52099609375,38.74592971801758,38.74592971801758,1.0
974,4304.26513671875,-4265.4892578125,38.77640151977539,38.77640151977539,1.0
975,4090.873046875,-4052.084228515625,38.78858947753906,38.78858947753906,1.0
976,4234.83203125,-4196.04248046875,38.790130615234375,38.790130615234375,1.0
977,4195.9375,-4157.13623046875,38.80109786987305,38.80109786987305,1.0
978,4206.3154296875,-4167.50732421875,38.807865142822266,38.807865142822266,1.0
979,4228.09228515625,-4189.263671875,38.828556060791016,38.828556060791016,1.0
980,4177.98095703125,-4139.13916015625,38.841712951660156,38.841712951660156,1.0
981,4138.41455078125,-4099.57275390625,38.84172439575195,38.84172439575195,1.0
982,4145.58154296875,-4106.7353515625,38.84632873535156,38.84632873535156,1.0
983,4147.4306640625,-4108.55859375,38.8722038269043,38.8722038269043,1.0
984,4130.52978515625,-4091.628173828125,38.9015007019043,38.9015007019043,1.0
985,4076.234619140625,-4037.31884765625,38.915653228759766,38.915653228759766,1.0
986,4137.45166015625,-4098.53759765625,38.91440200805664,38.91440200805664,1.0
987,4134.9892578125,-4096.08447265625,38.90474319458008,38.90474319458008,1.0
988,4097.22216796875,-4058.3037109375,38.91852569580078,38.91852569580078,1.0
989,4202.029296875,-4163.0771484375,38.952003479003906,38.952003479003906,1.0
990,4137.65966796875,-4098.6904296875,38.969295501708984,38.969295501708984,1.0
991,4151.3544921875,-4112.3935546875,38.96112823486328,38.96112823486328,1.0
992,3995.12939453125,-3956.177734375,38.95173645019531,38.95173645019531,1.0
993,4072.2568359375,-4033.3046875,38.9521484375,38.9521484375,1.0
994,4162.76171875,-4123.80078125,38.9611701965332,38.9611701965332,1.0
995,4003.506591796875,-3964.540771484375,38.96598434448242,38.96598434448242,1.0
996,4014.690185546875,-3975.72314453125,38.96702575683594,38.96702575683594,1.0
997,4007.5498046875,-3968.5751953125,38.97447204589844,38.97447204589844,1.0
998,4073.271728515625,-4034.283203125,38.98876953125,38.98876953125,1.0
999,4072.49560546875,-4033.49658203125,38.99918746948242,38.99918746948242,1.0
1000,4011.40478515625,-3972.41064453125,38.99387741088867,38.99387741088867,1.0
